[2026-08-30 05:08:39] local.ERROR: The C:\Users\marcj\Documents\fams-laravel-backup\bootstrap\cache directory must be present and writable. {"exception":"[object] (Exception(code: 0): The C:\\Users\\marcj\\Documents\\fams-laravel-backup\\bootstrap\\cache directory must be present and writable. at C:/Users/marcj/Documents/fams-laravel-backup/vendor/laravel/framework/src/Illuminate/Foundation/PackageManifest.php:179)
[stacktrace]
#0 C:/Users/marcj/Documents/fams-laravel-backup/vendor/laravel/framework/src/Illuminate/Foundation/PackageManifest.php(132): Illuminate/Foundation/PackageManifest->write()
#1 C:/Users/marcj/Documents/fams-laravel-backup/vendor/laravel/framework/src/Illuminate/Foundation/PackageManifest.php(108): Illuminate/Foundation/PackageManifest->build()
#2 C:/Users/marcj/Documents/fams-laravel-backup/vendor/laravel/framework/src/Illuminate/Foundation/PackageManifest.php(91): Illuminate/Foundation/PackageManifest->getManifest()
#3 C:/Users/marcj/Documents/fams-laravel-backup/vendor/laravel/framework/src/Illuminate/Foundation/PackageManifest.php(80): Illuminate/Foundation/PackageManifest->config()
#4 C:/Users/marcj/Documents/fams-laravel-backup/vendor/laravel/framework/src/Illuminate/Foundation/Bootstrap/RegisterFacades.php(26): Illuminate/Foundation/PackageManifest->aliases()
#5 C:/Users/marcj/Documents/fams-laravel-backup/vendor/laravel/framework/src/Illuminate/Foundation/Application.php(342): Illuminate/Foundation/Bootstrap/RegisterFacades->bootstrap()
#6 C:/Users/marcj/Documents/fams-laravel-backup/vendor/laravel/framework/src/Illuminate/Foundation/Console/Kernel.php(474): Illuminate/Foundation/Application->bootstrapWith()
#7 C:/Users/marcj/Documents/fams-laravel-backup/vendor/laravel/framework/src/Illuminate/Foundation/Console/Kernel.php(196): Illuminate/Foundation/Console/Kernel->bootstrap()
#8 C:/Users/marcj/Documents/fams-laravel-backup/vendor/laravel/framework/src/Illuminate/Foundation/Application.php(1235): Illuminate/Foundation/Console/Kernel->handle()
#9 C:/Users/marcj/Documents/fams-laravel-backup/artisan(13): Illuminate/Foundation/Application->handleCommand()
#10 {main}
"} 
[2026-08-30 05:14:43] local.ERROR: The C:\Users\marcj\Documents\fams-laravel-backup\bootstrap\cache directory must be present and writable. {"exception":"[object] (Exception(code: 0): The C:\\Users\\marcj\\Documents\\fams-laravel-backup\\bootstrap\\cache directory must be present and writable. at C:/Users/marcj/Documents/fams-laravel-backup/vendor/laravel/framework/src/Illuminate/Foundation/PackageManifest.php:179)
[stacktrace]
#0 C:/Users/marcj/Documents/fams-laravel-backup/vendor/laravel/framework/src/Illuminate/Foundation/PackageManifest.php(132): Illuminate/Foundation/PackageManifest->write()
#1 C:/Users/marcj/Documents/fams-laravel-backup/vendor/laravel/framework/src/Illuminate/Foundation/PackageManifest.php(108): Illuminate/Foundation/PackageManifest->build()
#2 C:/Users/marcj/Documents/fams-laravel-backup/vendor/laravel/framework/src/Illuminate/Foundation/PackageManifest.php(91): Illuminate/Foundation/PackageManifest->getManifest()
#3 C:/Users/marcj/Documents/fams-laravel-backup/vendor/laravel/framework/src/Illuminate/Foundation/PackageManifest.php(80): Illuminate/Foundation/PackageManifest->config()
#4 C:/Users/marcj/Documents/fams-laravel-backup/vendor/laravel/framework/src/Illuminate/Foundation/Bootstrap/RegisterFacades.php(26): Illuminate/Foundation/PackageManifest->aliases()
#5 C:/Users/marcj/Documents/fams-laravel-backup/vendor/laravel/framework/src/Illuminate/Foundation/Application.php(342): Illuminate/Foundation/Bootstrap/RegisterFacades->bootstrap()
#6 C:/Users/marcj/Documents/fams-laravel-backup/vendor/laravel/framework/src/Illuminate/Foundation/Console/Kernel.php(474): Illuminate/Foundation/Application->bootstrapWith()
#7 C:/Users/marcj/Documents/fams-laravel-backup/vendor/laravel/framework/src/Illuminate/Foundation/Console/Kernel.php(196): Illuminate/Foundation/Console/Kernel->bootstrap()
#8 C:/Users/marcj/Documents/fams-laravel-backup/vendor/laravel/framework/src/Illuminate/Foundation/Application.php(1235): Illuminate/Foundation/Console/Kernel->handle()
#9 C:/Users/marcj/Documents/fams-laravel-backup/artisan(13): Illuminate/Foundation/Application->handleCommand()
#10 {main}
"} 
[2026-08-30 05:15:49] local.ERROR: The C:\Users\marcj\Documents\fams-laravel-backup\bootstrap\cache directory must be present and writable. {"exception":"[object] (Exception(code: 0): The C:\\Users\\marcj\\Documents\\fams-laravel-backup\\bootstrap\\cache directory must be present and writable. at C:/Users/marcj/Documents/fams-laravel-backup/vendor/laravel/framework/src/Illuminate/Foundation/PackageManifest.php:179)
[stacktrace]
#0 C:/Users/marcj/Documents/fams-laravel-backup/vendor/laravel/framework/src/Illuminate/Foundation/PackageManifest.php(132): Illuminate/Foundation/PackageManifest->write()
#1 C:/Users/marcj/Documents/fams-laravel-backup/vendor/laravel/framework/src/Illuminate/Foundation/PackageManifest.php(108): Illuminate/Foundation/PackageManifest->build()
#2 C:/Users/marcj/Documents/fams-laravel-backup/vendor/laravel/framework/src/Illuminate/Foundation/PackageManifest.php(91): Illuminate/Foundation/PackageManifest->getManifest()
#3 C:/Users/marcj/Documents/fams-laravel-backup/vendor/laravel/framework/src/Illuminate/Foundation/PackageManifest.php(80): Illuminate/Foundation/PackageManifest->config()
#4 C:/Users/marcj/Documents/fams-laravel-backup/vendor/laravel/framework/src/Illuminate/Foundation/Bootstrap/RegisterFacades.php(26): Illuminate/Foundation/PackageManifest->aliases()
#5 C:/Users/marcj/Documents/fams-laravel-backup/vendor/laravel/framework/src/Illuminate/Foundation/Application.php(342): Illuminate/Foundation/Bootstrap/RegisterFacades->bootstrap()
#6 C:/Users/marcj/Documents/fams-laravel-backup/vendor/laravel/framework/src/Illuminate/Foundation/Console/Kernel.php(474): Illuminate/Foundation/Application->bootstrapWith()
#7 C:/Users/marcj/Documents/fams-laravel-backup/vendor/laravel/framework/src/Illuminate/Foundation/Console/Kernel.php(196): Illuminate/Foundation/Console/Kernel->bootstrap()
#8 C:/Users/marcj/Documents/fams-laravel-backup/vendor/laravel/framework/src/Illuminate/Foundation/Application.php(1235): Illuminate/Foundation/Console/Kernel->handle()
#9 C:/Users/marcj/Documents/fams-laravel-backup/artisan(13): Illuminate/Foundation/Application->handleCommand()
#10 {main}
"} 
[2026-08-30 05:23:50] local.ERROR: No application encryption key has been specified. {"exception":"[object] (Illuminate\\Encryption\\MissingAppKeyException(code: 0): No application encryption key has been specified. at C:/Users/marcj/Documents/fams-laravel-backup/vendor/laravel/framework/src/Illuminate/Encryption/EncryptionServiceProvider.php:83)
[stacktrace]
#0 C:/Users/marcj/Documents/fams-laravel-backup/vendor/laravel/framework/src/Illuminate/Support/helpers.php(399): Illuminate/Encryption/EncryptionServiceProvider->Illuminate/Encryption/{closure}()
#1 C:/Users/marcj/Documents/fams-laravel-backup/vendor/laravel/framework/src/Illuminate/Encryption/EncryptionServiceProvider.php(81): tap()
#2 C:/Users/marcj/Documents/fams-laravel-backup/vendor/laravel/framework/src/Illuminate/Encryption/EncryptionServiceProvider.php(64): Illuminate/Encryption/EncryptionServiceProvider->key()
#3 C:/Users/marcj/Documents/fams-laravel-backup/vendor/laravel/framework/src/Illuminate/Encryption/EncryptionServiceProvider.php(32): Illuminate/Encryption/EncryptionServiceProvider->parseKey()
#4 C:/Users/marcj/Documents/fams-laravel-backup/vendor/laravel/framework/src/Illuminate/Container/Container.php(952): Illuminate/Encryption/EncryptionServiceProvider->Illuminate/Encryption/{closure}()
#5 C:/Users/marcj/Documents/fams-laravel-backup/vendor/laravel/framework/src/Illuminate/Container/Container.php(832): Illuminate/Container/Container->build()
#6 C:/Users/marcj/Documents/fams-laravel-backup/vendor/laravel/framework/src/Illuminate/Foundation/Application.php(1078): Illuminate/Container/Container->resolve()
#7 C:/Users/marcj/Documents/fams-laravel-backup/vendor/laravel/framework/src/Illuminate/Container/Container.php(763): Illuminate/Foundation/Application->resolve()
#8 C:/Users/marcj/Documents/fams-laravel-backup/vendor/laravel/framework/src/Illuminate/Foundation/Application.php(1058): Illuminate/Container/Container->make()
#9 C:/Users/marcj/Documents/fams-laravel-backup/vendor/laravel/framework/src/Illuminate/Container/Container.php(1133): Illuminate/Foundation/Application->make()
#10 C:/Users/marcj/Documents/fams-laravel-backup/vendor/laravel/framework/src/Illuminate/Container/Container.php(1043): Illuminate/Container/Container->resolveClass()
#11 C:/Users/marcj/Documents/fams-laravel-backup/vendor/laravel/framework/src/Illuminate/Container/Container.php(994): Illuminate/Container/Container->resolveDependencies()
#12 C:/Users/marcj/Documents/fams-laravel-backup/vendor/laravel/framework/src/Illuminate/Container/Container.php(832): Illuminate/Container/Container->build()
#13 C:/Users/marcj/Documents/fams-laravel-backup/vendor/laravel/framework/src/Illuminate/Foundation/Application.php(1078): Illuminate/Container/Container->resolve()
#14 C:/Users/marcj/Documents/fams-laravel-backup/vendor/laravel/framework/src/Illuminate/Container/Container.php(763): Illuminate/Foundation/Application->resolve()
#15 C:/Users/marcj/Documents/fams-laravel-backup/vendor/laravel/framework/src/Illuminate/Foundation/Application.php(1058): Illuminate/Container/Container->make()
#16 C:/Users/marcj/Documents/fams-laravel-backup/vendor/laravel/framework/src/Illuminate/Pipeline/Pipeline.php(198): Illuminate/Foundation/Application->make()
#17 C:/Users/marcj/Documents/fams-laravel-backup/vendor/laravel/framework/src/Illuminate/Pipeline/Pipeline.php(127): Illuminate/Pipeline/Pipeline->Illuminate/Pipeline/{closure}()
#18 C:/Users/marcj/Documents/fams-laravel-backup/vendor/laravel/framework/src/Illuminate/Routing/Router.php(807): Illuminate/Pipeline/Pipeline->then()
#19 C:/Users/marcj/Documents/fams-laravel-backup/vendor/laravel/framework/src/Illuminate/Routing/Router.php(786): Illuminate/Routing/Router->runRouteWithinStack()
#20 C:/Users/marcj/Documents/fams-laravel-backup/vendor/laravel/framework/src/Illuminate/Routing/Router.php(750): Illuminate/Routing/Router->runRoute()
#21 C:/Users/marcj/Documents/fams-laravel-backup/vendor/laravel/framework/src/Illuminate/Routing/Router.php(739): Illuminate/Routing/Router->dispatchToRoute()
#22 C:/Users/marcj/Documents/fams-laravel-backup/vendor/laravel/framework/src/Illuminate/Foundation/Http/Kernel.php(201): Illuminate/Routing/Router->dispatch()
#23 C:/Users/marcj/Documents/fams-laravel-backup/vendor/laravel/framework/src/Illuminate/Pipeline/Pipeline.php(170): Illuminate/Foundation/Http/Kernel->Illuminate/Foundation/Http/{closure}()
#24 C:/Users/marcj/Documents/fams-laravel-backup/vendor/laravel/framework/src/Illuminate/Foundation/Http/Middleware/TransformsRequest.php(21): Illuminate/Pipeline/Pipeline->Illuminate/Pipeline/{closure}()
#25 C:/Users/marcj/Documents/fams-laravel-backup/vendor/laravel/framework/src/Illuminate/Foundation/Http/Middleware/ConvertEmptyStringsToNull.php(31): Illuminate/Foundation/Http/Middleware/TransformsRequest->handle()
#26 C:/Users/marcj/Documents/fams-laravel-backup/vendor/laravel/framework/src/Illuminate/Pipeline/Pipeline.php(209): Illuminate/Foundation/Http/Middleware/ConvertEmptyStringsToNull->handle()
#27 C:/Users/marcj/Documents/fams-laravel-backup/vendor/laravel/framework/src/Illuminate/Foundation/Http/Middleware/TransformsRequest.php(21): Illuminate/Pipeline/Pipeline->Illuminate/Pipeline/{closure}()
#28 C:/Users/marcj/Documents/fams-laravel-backup/vendor/laravel/framework/src/Illuminate/Foundation/Http/Middleware/TrimStrings.php(51): Illuminate/Foundation/Http/Middleware/TransformsRequest->handle()
#29 C:/Users/marcj/Documents/fams-laravel-backup/vendor/laravel/framework/src/Illuminate/Pipeline/Pipeline.php(209): Illuminate/Foundation/Http/Middleware/TrimStrings->handle()
#30 C:/Users/marcj/Documents/fams-laravel-backup/vendor/laravel/framework/src/Illuminate/Http/Middleware/ValidatePostSize.php(27): Illuminate/Pipeline/Pipeline->Illuminate/Pipeline/{closure}()
#31 C:/Users/marcj/Documents/fams-laravel-backup/vendor/laravel/framework/src/Illuminate/Pipeline/Pipeline.php(209): Illuminate/Http/Middleware/ValidatePostSize->handle()
#32 C:/Users/marcj/Documents/fams-laravel-backup/vendor/laravel/framework/src/Illuminate/Foundation/Http/Middleware/PreventRequestsDuringMaintenance.php(110): Illuminate/Pipeline/Pipeline->Illuminate/Pipeline/{closure}()
#33 C:/Users/marcj/Documents/fams-laravel-backup/vendor/laravel/framework/src/Illuminate/Pipeline/Pipeline.php(209): Illuminate/Foundation/Http/Middleware/PreventRequestsDuringMaintenance->handle()
#34 C:/Users/marcj/Documents/fams-laravel-backup/vendor/laravel/framework/src/Illuminate/Http/Middleware/HandleCors.php(49): Illuminate/Pipeline/Pipeline->Illuminate/Pipeline/{closure}()
#35 C:/Users/marcj/Documents/fams-laravel-backup/vendor/laravel/framework/src/Illuminate/Pipeline/Pipeline.php(209): Illuminate/Http/Middleware/HandleCors->handle()
#36 C:/Users/marcj/Documents/fams-laravel-backup/vendor/laravel/framework/src/Illuminate/Http/Middleware/TrustProxies.php(58): Illuminate/Pipeline/Pipeline->Illuminate/Pipeline/{closure}()
#37 C:/Users/marcj/Documents/fams-laravel-backup/vendor/laravel/framework/src/Illuminate/Pipeline/Pipeline.php(209): Illuminate/Http/Middleware/TrustProxies->handle()
#38 C:/Users/marcj/Documents/fams-laravel-backup/vendor/laravel/framework/src/Illuminate/Foundation/Http/Middleware/InvokeDeferredCallbacks.php(22): Illuminate/Pipeline/Pipeline->Illuminate/Pipeline/{closure}()
#39 C:/Users/marcj/Documents/fams-laravel-backup/vendor/laravel/framework/src/Illuminate/Pipeline/Pipeline.php(209): Illuminate/Foundation/Http/Middleware/InvokeDeferredCallbacks->handle()
#40 C:/Users/marcj/Documents/fams-laravel-backup/vendor/laravel/framework/src/Illuminate/Pipeline/Pipeline.php(127): Illuminate/Pipeline/Pipeline->Illuminate/Pipeline/{closure}()
#41 C:/Users/marcj/Documents/fams-laravel-backup/vendor/laravel/framework/src/Illuminate/Foundation/Http/Kernel.php(176): Illuminate/Pipeline/Pipeline->then()
#42 C:/Users/marcj/Documents/fams-laravel-backup/vendor/laravel/framework/src/Illuminate/Foundation/Http/Kernel.php(145): Illuminate/Foundation/Http/Kernel->sendRequestThroughRouter()
#43 C:/Users/marcj/Documents/fams-laravel-backup/vendor/laravel/framework/src/Illuminate/Foundation/Application.php(1220): Illuminate/Foundation/Http/Kernel->handle()
#44 C:/Users/marcj/Documents/fams-laravel-backup/public/index.php(15): Illuminate/Foundation/Application->handleRequest()
#45 C:/Users/marcj/Documents/fams-laravel-backup/vendor/laravel/framework/src/Illuminate/Foundation/resources/server.php(23): require_once('...')
#46 {main}
"} 
[2026-08-30 05:24:02] local.ERROR: No application encryption key has been specified. {"exception":"[object] (Illuminate\\Encryption\\MissingAppKeyException(code: 0): No application encryption key has been specified. at C:/Users/marcj/Documents/fams-laravel-backup/vendor/laravel/framework/src/Illuminate/Encryption/EncryptionServiceProvider.php:83)
[stacktrace]
#0 C:/Users/marcj/Documents/fams-laravel-backup/vendor/laravel/framework/src/Illuminate/Support/helpers.php(399): Illuminate/Encryption/EncryptionServiceProvider->Illuminate/Encryption/{closure}()
#1 C:/Users/marcj/Documents/fams-laravel-backup/vendor/laravel/framework/src/Illuminate/Encryption/EncryptionServiceProvider.php(81): tap()
#2 C:/Users/marcj/Documents/fams-laravel-backup/vendor/laravel/framework/src/Illuminate/Encryption/EncryptionServiceProvider.php(64): Illuminate/Encryption/EncryptionServiceProvider->key()
#3 C:/Users/marcj/Documents/fams-laravel-backup/vendor/laravel/framework/src/Illuminate/Encryption/EncryptionServiceProvider.php(32): Illuminate/Encryption/EncryptionServiceProvider->parseKey()
#4 C:/Users/marcj/Documents/fams-laravel-backup/vendor/laravel/framework/src/Illuminate/Container/Container.php(952): Illuminate/Encryption/EncryptionServiceProvider->Illuminate/Encryption/{closure}()
#5 C:/Users/marcj/Documents/fams-laravel-backup/vendor/laravel/framework/src/Illuminate/Container/Container.php(832): Illuminate/Container/Container->build()
#6 C:/Users/marcj/Documents/fams-laravel-backup/vendor/laravel/framework/src/Illuminate/Foundation/Application.php(1078): Illuminate/Container/Container->resolve()
#7 C:/Users/marcj/Documents/fams-laravel-backup/vendor/laravel/framework/src/Illuminate/Container/Container.php(763): Illuminate/Foundation/Application->resolve()
#8 C:/Users/marcj/Documents/fams-laravel-backup/vendor/laravel/framework/src/Illuminate/Foundation/Application.php(1058): Illuminate/Container/Container->make()
#9 C:/Users/marcj/Documents/fams-laravel-backup/vendor/laravel/framework/src/Illuminate/Container/Container.php(1133): Illuminate/Foundation/Application->make()
#10 C:/Users/marcj/Documents/fams-laravel-backup/vendor/laravel/framework/src/Illuminate/Container/Container.php(1043): Illuminate/Container/Container->resolveClass()
#11 C:/Users/marcj/Documents/fams-laravel-backup/vendor/laravel/framework/src/Illuminate/Container/Container.php(994): Illuminate/Container/Container->resolveDependencies()
#12 C:/Users/marcj/Documents/fams-laravel-backup/vendor/laravel/framework/src/Illuminate/Container/Container.php(832): Illuminate/Container/Container->build()
#13 C:/Users/marcj/Documents/fams-laravel-backup/vendor/laravel/framework/src/Illuminate/Foundation/Application.php(1078): Illuminate/Container/Container->resolve()
#14 C:/Users/marcj/Documents/fams-laravel-backup/vendor/laravel/framework/src/Illuminate/Container/Container.php(763): Illuminate/Foundation/Application->resolve()
#15 C:/Users/marcj/Documents/fams-laravel-backup/vendor/laravel/framework/src/Illuminate/Foundation/Application.php(1058): Illuminate/Container/Container->make()
#16 C:/Users/marcj/Documents/fams-laravel-backup/vendor/laravel/framework/src/Illuminate/Pipeline/Pipeline.php(198): Illuminate/Foundation/Application->make()
#17 C:/Users/marcj/Documents/fams-laravel-backup/vendor/laravel/framework/src/Illuminate/Pipeline/Pipeline.php(127): Illuminate/Pipeline/Pipeline->Illuminate/Pipeline/{closure}()
#18 C:/Users/marcj/Documents/fams-laravel-backup/vendor/laravel/framework/src/Illuminate/Routing/Router.php(807): Illuminate/Pipeline/Pipeline->then()
#19 C:/Users/marcj/Documents/fams-laravel-backup/vendor/laravel/framework/src/Illuminate/Routing/Router.php(786): Illuminate/Routing/Router->runRouteWithinStack()
#20 C:/Users/marcj/Documents/fams-laravel-backup/vendor/laravel/framework/src/Illuminate/Routing/Router.php(750): Illuminate/Routing/Router->runRoute()
#21 C:/Users/marcj/Documents/fams-laravel-backup/vendor/laravel/framework/src/Illuminate/Routing/Router.php(739): Illuminate/Routing/Router->dispatchToRoute()
#22 C:/Users/marcj/Documents/fams-laravel-backup/vendor/laravel/framework/src/Illuminate/Foundation/Http/Kernel.php(201): Illuminate/Routing/Router->dispatch()
#23 C:/Users/marcj/Documents/fams-laravel-backup/vendor/laravel/framework/src/Illuminate/Pipeline/Pipeline.php(170): Illuminate/Foundation/Http/Kernel->Illuminate/Foundation/Http/{closure}()
#24 C:/Users/marcj/Documents/fams-laravel-backup/vendor/laravel/framework/src/Illuminate/Foundation/Http/Middleware/TransformsRequest.php(21): Illuminate/Pipeline/Pipeline->Illuminate/Pipeline/{closure}()
#25 C:/Users/marcj/Documents/fams-laravel-backup/vendor/laravel/framework/src/Illuminate/Foundation/Http/Middleware/ConvertEmptyStringsToNull.php(31): Illuminate/Foundation/Http/Middleware/TransformsRequest->handle()
#26 C:/Users/marcj/Documents/fams-laravel-backup/vendor/laravel/framework/src/Illuminate/Pipeline/Pipeline.php(209): Illuminate/Foundation/Http/Middleware/ConvertEmptyStringsToNull->handle()
#27 C:/Users/marcj/Documents/fams-laravel-backup/vendor/laravel/framework/src/Illuminate/Foundation/Http/Middleware/TransformsRequest.php(21): Illuminate/Pipeline/Pipeline->Illuminate/Pipeline/{closure}()
#28 C:/Users/marcj/Documents/fams-laravel-backup/vendor/laravel/framework/src/Illuminate/Foundation/Http/Middleware/TrimStrings.php(51): Illuminate/Foundation/Http/Middleware/TransformsRequest->handle()
#29 C:/Users/marcj/Documents/fams-laravel-backup/vendor/laravel/framework/src/Illuminate/Pipeline/Pipeline.php(209): Illuminate/Foundation/Http/Middleware/TrimStrings->handle()
#30 C:/Users/marcj/Documents/fams-laravel-backup/vendor/laravel/framework/src/Illuminate/Http/Middleware/ValidatePostSize.php(27): Illuminate/Pipeline/Pipeline->Illuminate/Pipeline/{closure}()
#31 C:/Users/marcj/Documents/fams-laravel-backup/vendor/laravel/framework/src/Illuminate/Pipeline/Pipeline.php(209): Illuminate/Http/Middleware/ValidatePostSize->handle()
#32 C:/Users/marcj/Documents/fams-laravel-backup/vendor/laravel/framework/src/Illuminate/Foundation/Http/Middleware/PreventRequestsDuringMaintenance.php(110): Illuminate/Pipeline/Pipeline->Illuminate/Pipeline/{closure}()
#33 C:/Users/marcj/Documents/fams-laravel-backup/vendor/laravel/framework/src/Illuminate/Pipeline/Pipeline.php(209): Illuminate/Foundation/Http/Middleware/PreventRequestsDuringMaintenance->handle()
#34 C:/Users/marcj/Documents/fams-laravel-backup/vendor/laravel/framework/src/Illuminate/Http/Middleware/HandleCors.php(49): Illuminate/Pipeline/Pipeline->Illuminate/Pipeline/{closure}()
#35 C:/Users/marcj/Documents/fams-laravel-backup/vendor/laravel/framework/src/Illuminate/Pipeline/Pipeline.php(209): Illuminate/Http/Middleware/HandleCors->handle()
#36 C:/Users/marcj/Documents/fams-laravel-backup/vendor/laravel/framework/src/Illuminate/Http/Middleware/TrustProxies.php(58): Illuminate/Pipeline/Pipeline->Illuminate/Pipeline/{closure}()
#37 C:/Users/marcj/Documents/fams-laravel-backup/vendor/laravel/framework/src/Illuminate/Pipeline/Pipeline.php(209): Illuminate/Http/Middleware/TrustProxies->handle()
#38 C:/Users/marcj/Documents/fams-laravel-backup/vendor/laravel/framework/src/Illuminate/Foundation/Http/Middleware/InvokeDeferredCallbacks.php(22): Illuminate/Pipeline/Pipeline->Illuminate/Pipeline/{closure}()
#39 C:/Users/marcj/Documents/fams-laravel-backup/vendor/laravel/framework/src/Illuminate/Pipeline/Pipeline.php(209): Illuminate/Foundation/Http/Middleware/InvokeDeferredCallbacks->handle()
#40 C:/Users/marcj/Documents/fams-laravel-backup/vendor/laravel/framework/src/Illuminate/Pipeline/Pipeline.php(127): Illuminate/Pipeline/Pipeline->Illuminate/Pipeline/{closure}()
#41 C:/Users/marcj/Documents/fams-laravel-backup/vendor/laravel/framework/src/Illuminate/Foundation/Http/Kernel.php(176): Illuminate/Pipeline/Pipeline->then()
#42 C:/Users/marcj/Documents/fams-laravel-backup/vendor/laravel/framework/src/Illuminate/Foundation/Http/Kernel.php(145): Illuminate/Foundation/Http/Kernel->sendRequestThroughRouter()
#43 C:/Users/marcj/Documents/fams-laravel-backup/vendor/laravel/framework/src/Illuminate/Foundation/Application.php(1220): Illuminate/Foundation/Http/Kernel->handle()
#44 C:/Users/marcj/Documents/fams-laravel-backup/public/index.php(15): Illuminate/Foundation/Application->handleRequest()
#45 C:/Users/marcj/Documents/fams-laravel-backup/vendor/laravel/framework/src/Illuminate/Foundation/resources/server.php(23): require_once('...')
#46 {main}
"} 
[2026-08-30 05:27:32] local.ERROR: SQLSTATE[42710]: Duplicate object: 7 ERROR:  constraint "appointments_visitor_id_foreign" for relation "appointments" already exists (Connection: pgsql, SQL: alter table "appointments" add constraint "appointments_visitor_id_foreign" foreign key ("visitor_id") references "visitors" ("id") on delete set null) {"exception":"[object] (Illuminate\\Database\\QueryException(code: 42710): SQLSTATE[42710]: Duplicate object: 7 ERROR:  constraint \"appointments_visitor_id_foreign\" for relation \"appointments\" already exists (Connection: pgsql, SQL: alter table \"appointments\" add constraint \"appointments_visitor_id_foreign\" foreign key (\"visitor_id\") references \"visitors\" (\"id\") on delete set null) at C:/Users/marcj/Documents/fams-laravel-backup/vendor/laravel/framework/src/Illuminate/Database/Connection.php:825)
[stacktrace]
#0 C:/Users/marcj/Documents/fams-laravel-backup/vendor/laravel/framework/src/Illuminate/Database/Connection.php(779): Illuminate/Database/Connection->runQueryCallback()
#1 C:/Users/marcj/Documents/fams-laravel-backup/vendor/laravel/framework/src/Illuminate/Database/Connection.php(560): Illuminate/Database/Connection->run()
#2 C:/Users/marcj/Documents/fams-laravel-backup/vendor/laravel/framework/src/Illuminate/Database/Schema/Blueprint.php(118): Illuminate/Database/Connection->statement()
#3 C:/Users/marcj/Documents/fams-laravel-backup/vendor/laravel/framework/src/Illuminate/Database/Schema/Builder.php(564): Illuminate/Database/Schema/Blueprint->build()
#4 C:/Users/marcj/Documents/fams-laravel-backup/vendor/laravel/framework/src/Illuminate/Database/Schema/Builder.php(406): Illuminate/Database/Schema/Builder->build()
#5 C:/Users/marcj/Documents/fams-laravel-backup/vendor/laravel/framework/src/Illuminate/Support/Facades/Facade.php(361): Illuminate/Database/Schema/Builder->table()
#6 C:/Users/marcj/Documents/fams-laravel-backup/database/migrations/2026_08_29_000000_harden_fams_integrity.php(11): Illuminate/Support/Facades/Facade::__callStatic()
#7 C:/Users/marcj/Documents/fams-laravel-backup/vendor/laravel/framework/src/Illuminate/Database/Migrations/Migrator.php(507): Illuminate/Database/Migrations/Migration@anonymous->up()
#8 C:/Users/marcj/Documents/fams-laravel-backup/vendor/laravel/framework/src/Illuminate/Database/Migrations/Migrator.php(432): Illuminate/Database/Migrations/Migrator->runMethod()
#9 C:/Users/marcj/Documents/fams-laravel-backup/vendor/laravel/framework/src/Illuminate/Database/Concerns/ManagesTransactions.php(32): Illuminate/Database/Migrations/Migrator->Illuminate/Database/Migrations/{closure}()
#10 C:/Users/marcj/Documents/fams-laravel-backup/vendor/laravel/framework/src/Illuminate/Database/Migrations/Migrator.php(440): Illuminate/Database/Connection->transaction()
#11 C:/Users/marcj/Documents/fams-laravel-backup/vendor/laravel/framework/src/Illuminate/Database/Migrations/Migrator.php(244): Illuminate/Database/Migrations/Migrator->runMigration()
#12 C:/Users/marcj/Documents/fams-laravel-backup/vendor/laravel/framework/src/Illuminate/Console/View/Components/Task.php(40): Illuminate/Database/Migrations/Migrator->Illuminate/Database/Migrations/{closure}()
#13 C:/Users/marcj/Documents/fams-laravel-backup/vendor/laravel/framework/src/Illuminate/Database/Migrations/Migrator.php(798): Illuminate/Console/View/Components/Task->render()
#14 C:/Users/marcj/Documents/fams-laravel-backup/vendor/laravel/framework/src/Illuminate/Database/Migrations/Migrator.php(244): Illuminate/Database/Migrations/Migrator->write()
#15 C:/Users/marcj/Documents/fams-laravel-backup/vendor/laravel/framework/src/Illuminate/Database/Migrations/Migrator.php(211): Illuminate/Database/Migrations/Migrator->runUp()
#16 C:/Users/marcj/Documents/fams-laravel-backup/vendor/laravel/framework/src/Illuminate/Database/Migrations/Migrator.php(138): Illuminate/Database/Migrations/Migrator->runPending()
#17 C:/Users/marcj/Documents/fams-laravel-backup/vendor/laravel/framework/src/Illuminate/Database/Console/Migrations/MigrateCommand.php(117): Illuminate/Database/Migrations/Migrator->run()
#18 C:/Users/marcj/Documents/fams-laravel-backup/vendor/laravel/framework/src/Illuminate/Database/Migrations/Migrator.php(658): Illuminate/Database/Console/Migrations/MigrateCommand->Illuminate/Database/Console/Migrations/{closure}()
#19 C:/Users/marcj/Documents/fams-laravel-backup/vendor/laravel/framework/src/Illuminate/Database/Console/Migrations/MigrateCommand.php(110): Illuminate/Database/Migrations/Migrator->usingConnection()
#20 C:/Users/marcj/Documents/fams-laravel-backup/vendor/laravel/framework/src/Illuminate/Database/Console/Migrations/MigrateCommand.php(89): Illuminate/Database/Console/Migrations/MigrateCommand->runMigrations()
#21 C:/Users/marcj/Documents/fams-laravel-backup/vendor/laravel/framework/src/Illuminate/Container/BoundMethod.php(36): Illuminate/Database/Console/Migrations/MigrateCommand->handle()
#22 C:/Users/marcj/Documents/fams-laravel-backup/vendor/laravel/framework/src/Illuminate/Container/Util.php(43): Illuminate/Container/BoundMethod::Illuminate/Container/{closure}()
#23 C:/Users/marcj/Documents/fams-laravel-backup/vendor/laravel/framework/src/Illuminate/Container/BoundMethod.php(95): Illuminate/Container/Util::unwrapIfClosure()
#24 C:/Users/marcj/Documents/fams-laravel-backup/vendor/laravel/framework/src/Illuminate/Container/BoundMethod.php(35): Illuminate/Container/BoundMethod::callBoundMethod()
#25 C:/Users/marcj/Documents/fams-laravel-backup/vendor/laravel/framework/src/Illuminate/Container/Container.php(696): Illuminate/Container/BoundMethod::call()
#26 C:/Users/marcj/Documents/fams-laravel-backup/vendor/laravel/framework/src/Illuminate/Console/Command.php(213): Illuminate/Container/Container->call()
#27 C:/Users/marcj/Documents/fams-laravel-backup/vendor/symfony/console/Command/Command.php(341): Illuminate/Console/Command->execute()
#28 C:/Users/marcj/Documents/fams-laravel-backup/vendor/laravel/framework/src/Illuminate/Console/Command.php(182): Symfony/Component/Console/Command/Command->run()
#29 C:/Users/marcj/Documents/fams-laravel-backup/vendor/symfony/console/Application.php(1117): Illuminate/Console/Command->run()
#30 C:/Users/marcj/Documents/fams-laravel-backup/vendor/symfony/console/Application.php(356): Symfony/Component/Console/Application->doRunCommand()
#31 C:/Users/marcj/Documents/fams-laravel-backup/vendor/symfony/console/Application.php(195): Symfony/Component/Console/Application->doRun()
#32 C:/Users/marcj/Documents/fams-laravel-backup/vendor/laravel/framework/src/Illuminate/Foundation/Console/Kernel.php(198): Symfony/Component/Console/Application->run()
#33 C:/Users/marcj/Documents/fams-laravel-backup/vendor/laravel/framework/src/Illuminate/Foundation/Application.php(1235): Illuminate/Foundation/Console/Kernel->handle()
#34 C:/Users/marcj/Documents/fams-laravel-backup/artisan(13): Illuminate/Foundation/Application->handleCommand()
#35 {main}

[previous exception] [object] (PDOException(code: 42710): SQLSTATE[42710]: Duplicate object: 7 ERROR:  constraint \"appointments_visitor_id_foreign\" for relation \"appointments\" already exists at C:/Users/marcj/Documents/fams-laravel-backup/vendor/laravel/framework/src/Illuminate/Database/Connection.php:571)
[stacktrace]
#0 C:/Users/marcj/Documents/fams-laravel-backup/vendor/laravel/framework/src/Illuminate/Database/Connection.php(571): PDOStatement->execute()
#1 C:/Users/marcj/Documents/fams-laravel-backup/vendor/laravel/framework/src/Illuminate/Database/Connection.php(812): Illuminate/Database/Connection->Illuminate/Database/{closure}()
#2 C:/Users/marcj/Documents/fams-laravel-backup/vendor/laravel/framework/src/Illuminate/Database/Connection.php(779): Illuminate/Database/Connection->runQueryCallback()
#3 C:/Users/marcj/Documents/fams-laravel-backup/vendor/laravel/framework/src/Illuminate/Database/Connection.php(560): Illuminate/Database/Connection->run()
#4 C:/Users/marcj/Documents/fams-laravel-backup/vendor/laravel/framework/src/Illuminate/Database/Schema/Blueprint.php(118): Illuminate/Database/Connection->statement()
#5 C:/Users/marcj/Documents/fams-laravel-backup/vendor/laravel/framework/src/Illuminate/Database/Schema/Builder.php(564): Illuminate/Database/Schema/Blueprint->build()
#6 C:/Users/marcj/Documents/fams-laravel-backup/vendor/laravel/framework/src/Illuminate/Database/Schema/Builder.php(406): Illuminate/Database/Schema/Builder->build()
#7 C:/Users/marcj/Documents/fams-laravel-backup/vendor/laravel/framework/src/Illuminate/Support/Facades/Facade.php(361): Illuminate/Database/Schema/Builder->table()
#8 C:/Users/marcj/Documents/fams-laravel-backup/database/migrations/2026_08_29_000000_harden_fams_integrity.php(11): Illuminate/Support/Facades/Facade::__callStatic()
#9 C:/Users/marcj/Documents/fams-laravel-backup/vendor/laravel/framework/src/Illuminate/Database/Migrations/Migrator.php(507): Illuminate/Database/Migrations/Migration@anonymous->up()
#10 C:/Users/marcj/Documents/fams-laravel-backup/vendor/laravel/framework/src/Illuminate/Database/Migrations/Migrator.php(432): Illuminate/Database/Migrations/Migrator->runMethod()
#11 C:/Users/marcj/Documents/fams-laravel-backup/vendor/laravel/framework/src/Illuminate/Database/Concerns/ManagesTransactions.php(32): Illuminate/Database/Migrations/Migrator->Illuminate/Database/Migrations/{closure}()
#12 C:/Users/marcj/Documents/fams-laravel-backup/vendor/laravel/framework/src/Illuminate/Database/Migrations/Migrator.php(440): Illuminate/Database/Connection->transaction()
#13 C:/Users/marcj/Documents/fams-laravel-backup/vendor/laravel/framework/src/Illuminate/Database/Migrations/Migrator.php(244): Illuminate/Database/Migrations/Migrator->runMigration()
#14 C:/Users/marcj/Documents/fams-laravel-backup/vendor/laravel/framework/src/Illuminate/Console/View/Components/Task.php(40): Illuminate/Database/Migrations/Migrator->Illuminate/Database/Migrations/{closure}()
#15 C:/Users/marcj/Documents/fams-laravel-backup/vendor/laravel/framework/src/Illuminate/Database/Migrations/Migrator.php(798): Illuminate/Console/View/Components/Task->render()
#16 C:/Users/marcj/Documents/fams-laravel-backup/vendor/laravel/framework/src/Illuminate/Database/Migrations/Migrator.php(244): Illuminate/Database/Migrations/Migrator->write()
#17 C:/Users/marcj/Documents/fams-laravel-backup/vendor/laravel/framework/src/Illuminate/Database/Migrations/Migrator.php(211): Illuminate/Database/Migrations/Migrator->runUp()
#18 C:/Users/marcj/Documents/fams-laravel-backup/vendor/laravel/framework/src/Illuminate/Database/Migrations/Migrator.php(138): Illuminate/Database/Migrations/Migrator->runPending()
#19 C:/Users/marcj/Documents/fams-laravel-backup/vendor/laravel/framework/src/Illuminate/Database/Console/Migrations/MigrateCommand.php(117): Illuminate/Database/Migrations/Migrator->run()
#20 C:/Users/marcj/Documents/fams-laravel-backup/vendor/laravel/framework/src/Illuminate/Database/Migrations/Migrator.php(658): Illuminate/Database/Console/Migrations/MigrateCommand->Illuminate/Database/Console/Migrations/{closure}()
#21 C:/Users/marcj/Documents/fams-laravel-backup/vendor/laravel/framework/src/Illuminate/Database/Console/Migrations/MigrateCommand.php(110): Illuminate/Database/Migrations/Migrator->usingConnection()
#22 C:/Users/marcj/Documents/fams-laravel-backup/vendor/laravel/framework/src/Illuminate/Database/Console/Migrations/MigrateCommand.php(89): Illuminate/Database/Console/Migrations/MigrateCommand->runMigrations()
#23 C:/Users/marcj/Documents/fams-laravel-backup/vendor/laravel/framework/src/Illuminate/Container/BoundMethod.php(36): Illuminate/Database/Console/Migrations/MigrateCommand->handle()
#24 C:/Users/marcj/Documents/fams-laravel-backup/vendor/laravel/framework/src/Illuminate/Container/Util.php(43): Illuminate/Container/BoundMethod::Illuminate/Container/{closure}()
#25 C:/Users/marcj/Documents/fams-laravel-backup/vendor/laravel/framework/src/Illuminate/Container/BoundMethod.php(95): Illuminate/Container/Util::unwrapIfClosure()
#26 C:/Users/marcj/Documents/fams-laravel-backup/vendor/laravel/framework/src/Illuminate/Container/BoundMethod.php(35): Illuminate/Container/BoundMethod::callBoundMethod()
#27 C:/Users/marcj/Documents/fams-laravel-backup/vendor/laravel/framework/src/Illuminate/Container/Container.php(696): Illuminate/Container/BoundMethod::call()
#28 C:/Users/marcj/Documents/fams-laravel-backup/vendor/laravel/framework/src/Illuminate/Console/Command.php(213): Illuminate/Container/Container->call()
#29 C:/Users/marcj/Documents/fams-laravel-backup/vendor/symfony/console/Command/Command.php(341): Illuminate/Console/Command->execute()
#30 C:/Users/marcj/Documents/fams-laravel-backup/vendor/laravel/framework/src/Illuminate/Console/Command.php(182): Symfony/Component/Console/Command/Command->run()
#31 C:/Users/marcj/Documents/fams-laravel-backup/vendor/symfony/console/Application.php(1117): Illuminate/Console/Command->run()
#32 C:/Users/marcj/Documents/fams-laravel-backup/vendor/symfony/console/Application.php(356): Symfony/Component/Console/Application->doRunCommand()
#33 C:/Users/marcj/Documents/fams-laravel-backup/vendor/symfony/console/Application.php(195): Symfony/Component/Console/Application->doRun()
#34 C:/Users/marcj/Documents/fams-laravel-backup/vendor/laravel/framework/src/Illuminate/Foundation/Console/Kernel.php(198): Symfony/Component/Console/Application->run()
#35 C:/Users/marcj/Documents/fams-laravel-backup/vendor/laravel/framework/src/Illuminate/Foundation/Application.php(1235): Illuminate/Foundation/Console/Kernel->handle()
#36 C:/Users/marcj/Documents/fams-laravel-backup/artisan(13): Illuminate/Foundation/Application->handleCommand()
#37 {main}
"} 
[2026-08-30 05:31:14] local.ERROR: View path not found. {"exception":"[object] (RuntimeException(code: 0): View path not found. at C:/Users/marcj/Documents/fams-laravel-backup/vendor/laravel/framework/src/Illuminate/Foundation/Console/ViewClearCommand.php:59)
[stacktrace]
#0 C:/Users/marcj/Documents/fams-laravel-backup/vendor/laravel/framework/src/Illuminate/Container/BoundMethod.php(36): Illuminate/Foundation/Console/ViewClearCommand->handle()
#1 C:/Users/marcj/Documents/fams-laravel-backup/vendor/laravel/framework/src/Illuminate/Container/Util.php(43): Illuminate/Container/BoundMethod::Illuminate/Container/{closure}()
#2 C:/Users/marcj/Documents/fams-laravel-backup/vendor/laravel/framework/src/Illuminate/Container/BoundMethod.php(95): Illuminate/Container/Util::unwrapIfClosure()
#3 C:/Users/marcj/Documents/fams-laravel-backup/vendor/laravel/framework/src/Illuminate/Container/BoundMethod.php(35): Illuminate/Container/BoundMethod::callBoundMethod()
#4 C:/Users/marcj/Documents/fams-laravel-backup/vendor/laravel/framework/src/Illuminate/Container/Container.php(696): Illuminate/Container/BoundMethod::call()
#5 C:/Users/marcj/Documents/fams-laravel-backup/vendor/laravel/framework/src/Illuminate/Console/Command.php(213): Illuminate/Container/Container->call()
#6 C:/Users/marcj/Documents/fams-laravel-backup/vendor/symfony/console/Command/Command.php(341): Illuminate/Console/Command->execute()
#7 C:/Users/marcj/Documents/fams-laravel-backup/vendor/laravel/framework/src/Illuminate/Console/Command.php(182): Symfony/Component/Console/Command/Command->run()
#8 C:/Users/marcj/Documents/fams-laravel-backup/vendor/laravel/framework/src/Illuminate/Console/Concerns/CallsCommands.php(68): Illuminate/Console/Command->run()
#9 C:/Users/marcj/Documents/fams-laravel-backup/vendor/laravel/framework/src/Illuminate/Console/Concerns/CallsCommands.php(41): Illuminate/Console/Command->runCommand()
#10 C:/Users/marcj/Documents/fams-laravel-backup/vendor/laravel/framework/src/Illuminate/Console/Concerns/CallsCommands.php(53): Illuminate/Console/Command->callSilent()
#11 C:/Users/marcj/Documents/fams-laravel-backup/vendor/laravel/framework/src/Illuminate/Foundation/Console/OptimizeClearCommand.php(48): Illuminate/Console/Command->callSilently()
#12 C:/Users/marcj/Documents/fams-laravel-backup/vendor/laravel/framework/src/Illuminate/Console/View/Components/Task.php(40): Illuminate/Foundation/Console/OptimizeClearCommand->Illuminate/Foundation/Console/{closure}()
#13 C:/Users/marcj/Documents/fams-laravel-backup/vendor/laravel/framework/src/Illuminate/Console/View/Components/Factory.php(60): Illuminate/Console/View/Components/Task->render()
#14 C:/Users/marcj/Documents/fams-laravel-backup/vendor/laravel/framework/src/Illuminate/Foundation/Console/OptimizeClearCommand.php(48): Illuminate/Console/View/Components/Factory->__call()
#15 C:/Users/marcj/Documents/fams-laravel-backup/vendor/laravel/framework/src/Illuminate/Container/BoundMethod.php(36): Illuminate/Foundation/Console/OptimizeClearCommand->handle()
#16 C:/Users/marcj/Documents/fams-laravel-backup/vendor/laravel/framework/src/Illuminate/Container/Util.php(43): Illuminate/Container/BoundMethod::Illuminate/Container/{closure}()
#17 C:/Users/marcj/Documents/fams-laravel-backup/vendor/laravel/framework/src/Illuminate/Container/BoundMethod.php(95): Illuminate/Container/Util::unwrapIfClosure()
#18 C:/Users/marcj/Documents/fams-laravel-backup/vendor/laravel/framework/src/Illuminate/Container/BoundMethod.php(35): Illuminate/Container/BoundMethod::callBoundMethod()
#19 C:/Users/marcj/Documents/fams-laravel-backup/vendor/laravel/framework/src/Illuminate/Container/Container.php(696): Illuminate/Container/BoundMethod::call()
#20 C:/Users/marcj/Documents/fams-laravel-backup/vendor/laravel/framework/src/Illuminate/Console/Command.php(213): Illuminate/Container/Container->call()
#21 C:/Users/marcj/Documents/fams-laravel-backup/vendor/symfony/console/Command/Command.php(341): Illuminate/Console/Command->execute()
#22 C:/Users/marcj/Documents/fams-laravel-backup/vendor/laravel/framework/src/Illuminate/Console/Command.php(182): Symfony/Component/Console/Command/Command->run()
#23 C:/Users/marcj/Documents/fams-laravel-backup/vendor/symfony/console/Application.php(1117): Illuminate/Console/Command->run()
#24 C:/Users/marcj/Documents/fams-laravel-backup/vendor/symfony/console/Application.php(356): Symfony/Component/Console/Application->doRunCommand()
#25 C:/Users/marcj/Documents/fams-laravel-backup/vendor/symfony/console/Application.php(195): Symfony/Component/Console/Application->doRun()
#26 C:/Users/marcj/Documents/fams-laravel-backup/vendor/laravel/framework/src/Illuminate/Foundation/Console/Kernel.php(198): Symfony/Component/Console/Application->run()
#27 C:/Users/marcj/Documents/fams-laravel-backup/vendor/laravel/framework/src/Illuminate/Foundation/Application.php(1235): Illuminate/Foundation/Console/Kernel->handle()
#28 C:/Users/marcj/Documents/fams-laravel-backup/artisan(13): Illuminate/Foundation/Application->handleCommand()
#29 {main}
"} 
[2026-08-30 05:36:47] local.ERROR: No application encryption key has been specified. {"exception":"[object] (Illuminate\\Encryption\\MissingAppKeyException(code: 0): No application encryption key has been specified. at C:/Users/marcj/Documents/fams-laravel-backup/vendor/laravel/framework/src/Illuminate/Encryption/EncryptionServiceProvider.php:83)
[stacktrace]
#0 C:/Users/marcj/Documents/fams-laravel-backup/vendor/laravel/framework/src/Illuminate/Support/helpers.php(399): Illuminate/Encryption/EncryptionServiceProvider->Illuminate/Encryption/{closure}()
#1 C:/Users/marcj/Documents/fams-laravel-backup/vendor/laravel/framework/src/Illuminate/Encryption/EncryptionServiceProvider.php(81): tap()
#2 C:/Users/marcj/Documents/fams-laravel-backup/vendor/laravel/framework/src/Illuminate/Encryption/EncryptionServiceProvider.php(64): Illuminate/Encryption/EncryptionServiceProvider->key()
#3 C:/Users/marcj/Documents/fams-laravel-backup/vendor/laravel/framework/src/Illuminate/Encryption/EncryptionServiceProvider.php(32): Illuminate/Encryption/EncryptionServiceProvider->parseKey()
#4 C:/Users/marcj/Documents/fams-laravel-backup/vendor/laravel/framework/src/Illuminate/Container/Container.php(952): Illuminate/Encryption/EncryptionServiceProvider->Illuminate/Encryption/{closure}()
#5 C:/Users/marcj/Documents/fams-laravel-backup/vendor/laravel/framework/src/Illuminate/Container/Container.php(832): Illuminate/Container/Container->build()
#6 C:/Users/marcj/Documents/fams-laravel-backup/vendor/laravel/framework/src/Illuminate/Foundation/Application.php(1078): Illuminate/Container/Container->resolve()
#7 C:/Users/marcj/Documents/fams-laravel-backup/vendor/laravel/framework/src/Illuminate/Container/Container.php(763): Illuminate/Foundation/Application->resolve()
#8 C:/Users/marcj/Documents/fams-laravel-backup/vendor/laravel/framework/src/Illuminate/Foundation/Application.php(1058): Illuminate/Container/Container->make()
#9 C:/Users/marcj/Documents/fams-laravel-backup/vendor/laravel/framework/src/Illuminate/Container/Container.php(1133): Illuminate/Foundation/Application->make()
#10 C:/Users/marcj/Documents/fams-laravel-backup/vendor/laravel/framework/src/Illuminate/Container/Container.php(1043): Illuminate/Container/Container->resolveClass()
#11 C:/Users/marcj/Documents/fams-laravel-backup/vendor/laravel/framework/src/Illuminate/Container/Container.php(994): Illuminate/Container/Container->resolveDependencies()
#12 C:/Users/marcj/Documents/fams-laravel-backup/vendor/laravel/framework/src/Illuminate/Container/Container.php(832): Illuminate/Container/Container->build()
#13 C:/Users/marcj/Documents/fams-laravel-backup/vendor/laravel/framework/src/Illuminate/Foundation/Application.php(1078): Illuminate/Container/Container->resolve()
#14 C:/Users/marcj/Documents/fams-laravel-backup/vendor/laravel/framework/src/Illuminate/Container/Container.php(763): Illuminate/Foundation/Application->resolve()
#15 C:/Users/marcj/Documents/fams-laravel-backup/vendor/laravel/framework/src/Illuminate/Foundation/Application.php(1058): Illuminate/Container/Container->make()
#16 C:/Users/marcj/Documents/fams-laravel-backup/vendor/laravel/framework/src/Illuminate/Pipeline/Pipeline.php(198): Illuminate/Foundation/Application->make()
#17 C:/Users/marcj/Documents/fams-laravel-backup/vendor/laravel/framework/src/Illuminate/Pipeline/Pipeline.php(127): Illuminate/Pipeline/Pipeline->Illuminate/Pipeline/{closure}()
#18 C:/Users/marcj/Documents/fams-laravel-backup/vendor/laravel/framework/src/Illuminate/Routing/Router.php(807): Illuminate/Pipeline/Pipeline->then()
#19 C:/Users/marcj/Documents/fams-laravel-backup/vendor/laravel/framework/src/Illuminate/Routing/Router.php(786): Illuminate/Routing/Router->runRouteWithinStack()
#20 C:/Users/marcj/Documents/fams-laravel-backup/vendor/laravel/framework/src/Illuminate/Routing/Router.php(750): Illuminate/Routing/Router->runRoute()
#21 C:/Users/marcj/Documents/fams-laravel-backup/vendor/laravel/framework/src/Illuminate/Routing/Router.php(739): Illuminate/Routing/Router->dispatchToRoute()
#22 C:/Users/marcj/Documents/fams-laravel-backup/vendor/laravel/framework/src/Illuminate/Foundation/Http/Kernel.php(201): Illuminate/Routing/Router->dispatch()
#23 C:/Users/marcj/Documents/fams-laravel-backup/vendor/laravel/framework/src/Illuminate/Pipeline/Pipeline.php(170): Illuminate/Foundation/Http/Kernel->Illuminate/Foundation/Http/{closure}()
#24 C:/Users/marcj/Documents/fams-laravel-backup/vendor/laravel/framework/src/Illuminate/Foundation/Http/Middleware/TransformsRequest.php(21): Illuminate/Pipeline/Pipeline->Illuminate/Pipeline/{closure}()
#25 C:/Users/marcj/Documents/fams-laravel-backup/vendor/laravel/framework/src/Illuminate/Foundation/Http/Middleware/ConvertEmptyStringsToNull.php(31): Illuminate/Foundation/Http/Middleware/TransformsRequest->handle()
#26 C:/Users/marcj/Documents/fams-laravel-backup/vendor/laravel/framework/src/Illuminate/Pipeline/Pipeline.php(209): Illuminate/Foundation/Http/Middleware/ConvertEmptyStringsToNull->handle()
#27 C:/Users/marcj/Documents/fams-laravel-backup/vendor/laravel/framework/src/Illuminate/Foundation/Http/Middleware/TransformsRequest.php(21): Illuminate/Pipeline/Pipeline->Illuminate/Pipeline/{closure}()
#28 C:/Users/marcj/Documents/fams-laravel-backup/vendor/laravel/framework/src/Illuminate/Foundation/Http/Middleware/TrimStrings.php(51): Illuminate/Foundation/Http/Middleware/TransformsRequest->handle()
#29 C:/Users/marcj/Documents/fams-laravel-backup/vendor/laravel/framework/src/Illuminate/Pipeline/Pipeline.php(209): Illuminate/Foundation/Http/Middleware/TrimStrings->handle()
#30 C:/Users/marcj/Documents/fams-laravel-backup/vendor/laravel/framework/src/Illuminate/Http/Middleware/ValidatePostSize.php(27): Illuminate/Pipeline/Pipeline->Illuminate/Pipeline/{closure}()
#31 C:/Users/marcj/Documents/fams-laravel-backup/vendor/laravel/framework/src/Illuminate/Pipeline/Pipeline.php(209): Illuminate/Http/Middleware/ValidatePostSize->handle()
#32 C:/Users/marcj/Documents/fams-laravel-backup/vendor/laravel/framework/src/Illuminate/Foundation/Http/Middleware/PreventRequestsDuringMaintenance.php(110): Illuminate/Pipeline/Pipeline->Illuminate/Pipeline/{closure}()
#33 C:/Users/marcj/Documents/fams-laravel-backup/vendor/laravel/framework/src/Illuminate/Pipeline/Pipeline.php(209): Illuminate/Foundation/Http/Middleware/PreventRequestsDuringMaintenance->handle()
#34 C:/Users/marcj/Documents/fams-laravel-backup/vendor/laravel/framework/src/Illuminate/Http/Middleware/HandleCors.php(49): Illuminate/Pipeline/Pipeline->Illuminate/Pipeline/{closure}()
#35 C:/Users/marcj/Documents/fams-laravel-backup/vendor/laravel/framework/src/Illuminate/Pipeline/Pipeline.php(209): Illuminate/Http/Middleware/HandleCors->handle()
#36 C:/Users/marcj/Documents/fams-laravel-backup/vendor/laravel/framework/src/Illuminate/Http/Middleware/TrustProxies.php(58): Illuminate/Pipeline/Pipeline->Illuminate/Pipeline/{closure}()
#37 C:/Users/marcj/Documents/fams-laravel-backup/vendor/laravel/framework/src/Illuminate/Pipeline/Pipeline.php(209): Illuminate/Http/Middleware/TrustProxies->handle()
#38 C:/Users/marcj/Documents/fams-laravel-backup/vendor/laravel/framework/src/Illuminate/Foundation/Http/Middleware/InvokeDeferredCallbacks.php(22): Illuminate/Pipeline/Pipeline->Illuminate/Pipeline/{closure}()
#39 C:/Users/marcj/Documents/fams-laravel-backup/vendor/laravel/framework/src/Illuminate/Pipeline/Pipeline.php(209): Illuminate/Foundation/Http/Middleware/InvokeDeferredCallbacks->handle()
#40 C:/Users/marcj/Documents/fams-laravel-backup/vendor/laravel/framework/src/Illuminate/Pipeline/Pipeline.php(127): Illuminate/Pipeline/Pipeline->Illuminate/Pipeline/{closure}()
#41 C:/Users/marcj/Documents/fams-laravel-backup/vendor/laravel/framework/src/Illuminate/Foundation/Http/Kernel.php(176): Illuminate/Pipeline/Pipeline->then()
#42 C:/Users/marcj/Documents/fams-laravel-backup/vendor/laravel/framework/src/Illuminate/Foundation/Http/Kernel.php(145): Illuminate/Foundation/Http/Kernel->sendRequestThroughRouter()
#43 C:/Users/marcj/Documents/fams-laravel-backup/vendor/laravel/framework/src/Illuminate/Foundation/Application.php(1220): Illuminate/Foundation/Http/Kernel->handle()
#44 C:/Users/marcj/Documents/fams-laravel-backup/public/index.php(15): Illuminate/Foundation/Application->handleRequest()
#45 C:/Users/marcj/Documents/fams-laravel-backup/vendor/laravel/framework/src/Illuminate/Foundation/resources/server.php(23): require_once('...')
#46 {main}
"} 
[2026-08-30 05:37:00] local.ERROR: No application encryption key has been specified. {"exception":"[object] (Illuminate\\Encryption\\MissingAppKeyException(code: 0): No application encryption key has been specified. at C:/Users/marcj/Documents/fams-laravel-backup/vendor/laravel/framework/src/Illuminate/Encryption/EncryptionServiceProvider.php:83)
[stacktrace]
#0 C:/Users/marcj/Documents/fams-laravel-backup/vendor/laravel/framework/src/Illuminate/Support/helpers.php(399): Illuminate/Encryption/EncryptionServiceProvider->Illuminate/Encryption/{closure}()
#1 C:/Users/marcj/Documents/fams-laravel-backup/vendor/laravel/framework/src/Illuminate/Encryption/EncryptionServiceProvider.php(81): tap()
#2 C:/Users/marcj/Documents/fams-laravel-backup/vendor/laravel/framework/src/Illuminate/Encryption/EncryptionServiceProvider.php(64): Illuminate/Encryption/EncryptionServiceProvider->key()
#3 C:/Users/marcj/Documents/fams-laravel-backup/vendor/laravel/framework/src/Illuminate/Encryption/EncryptionServiceProvider.php(32): Illuminate/Encryption/EncryptionServiceProvider->parseKey()
#4 C:/Users/marcj/Documents/fams-laravel-backup/vendor/laravel/framework/src/Illuminate/Container/Container.php(952): Illuminate/Encryption/EncryptionServiceProvider->Illuminate/Encryption/{closure}()
#5 C:/Users/marcj/Documents/fams-laravel-backup/vendor/laravel/framework/src/Illuminate/Container/Container.php(832): Illuminate/Container/Container->build()
#6 C:/Users/marcj/Documents/fams-laravel-backup/vendor/laravel/framework/src/Illuminate/Foundation/Application.php(1078): Illuminate/Container/Container->resolve()
#7 C:/Users/marcj/Documents/fams-laravel-backup/vendor/laravel/framework/src/Illuminate/Container/Container.php(763): Illuminate/Foundation/Application->resolve()
#8 C:/Users/marcj/Documents/fams-laravel-backup/vendor/laravel/framework/src/Illuminate/Foundation/Application.php(1058): Illuminate/Container/Container->make()
#9 C:/Users/marcj/Documents/fams-laravel-backup/vendor/laravel/framework/src/Illuminate/Container/Container.php(1133): Illuminate/Foundation/Application->make()
#10 C:/Users/marcj/Documents/fams-laravel-backup/vendor/laravel/framework/src/Illuminate/Container/Container.php(1043): Illuminate/Container/Container->resolveClass()
#11 C:/Users/marcj/Documents/fams-laravel-backup/vendor/laravel/framework/src/Illuminate/Container/Container.php(994): Illuminate/Container/Container->resolveDependencies()
#12 C:/Users/marcj/Documents/fams-laravel-backup/vendor/laravel/framework/src/Illuminate/Container/Container.php(832): Illuminate/Container/Container->build()
#13 C:/Users/marcj/Documents/fams-laravel-backup/vendor/laravel/framework/src/Illuminate/Foundation/Application.php(1078): Illuminate/Container/Container->resolve()
#14 C:/Users/marcj/Documents/fams-laravel-backup/vendor/laravel/framework/src/Illuminate/Container/Container.php(763): Illuminate/Foundation/Application->resolve()
#15 C:/Users/marcj/Documents/fams-laravel-backup/vendor/laravel/framework/src/Illuminate/Foundation/Application.php(1058): Illuminate/Container/Container->make()
#16 C:/Users/marcj/Documents/fams-laravel-backup/vendor/laravel/framework/src/Illuminate/Foundation/Http/Kernel.php(258): Illuminate/Foundation/Application->make()
#17 C:/Users/marcj/Documents/fams-laravel-backup/vendor/laravel/framework/src/Illuminate/Foundation/Http/Kernel.php(216): Illuminate/Foundation/Http/Kernel->terminateMiddleware()
#18 C:/Users/marcj/Documents/fams-laravel-backup/vendor/laravel/framework/src/Illuminate/Foundation/Application.php(1222): Illuminate/Foundation/Http/Kernel->terminate()
#19 C:/Users/marcj/Documents/fams-laravel-backup/public/index.php(15): Illuminate/Foundation/Application->handleRequest()
#20 C:/Users/marcj/Documents/fams-laravel-backup/vendor/laravel/framework/src/Illuminate/Foundation/resources/server.php(23): require_once('...')
#21 {main}
"} 
[2026-08-30 05:39:48] local.ERROR: No application encryption key has been specified. {"exception":"[object] (Illuminate\\Encryption\\MissingAppKeyException(code: 0): No application encryption key has been specified. at C:/Users/marcj/Documents/fams-laravel-backup/vendor/laravel/framework/src/Illuminate/Encryption/EncryptionServiceProvider.php:83)
[stacktrace]
#0 C:/Users/marcj/Documents/fams-laravel-backup/vendor/laravel/framework/src/Illuminate/Support/helpers.php(399): Illuminate/Encryption/EncryptionServiceProvider->Illuminate/Encryption/{closure}()
#1 C:/Users/marcj/Documents/fams-laravel-backup/vendor/laravel/framework/src/Illuminate/Encryption/EncryptionServiceProvider.php(81): tap()
#2 C:/Users/marcj/Documents/fams-laravel-backup/vendor/laravel/framework/src/Illuminate/Encryption/EncryptionServiceProvider.php(64): Illuminate/Encryption/EncryptionServiceProvider->key()
#3 C:/Users/marcj/Documents/fams-laravel-backup/vendor/laravel/framework/src/Illuminate/Encryption/EncryptionServiceProvider.php(32): Illuminate/Encryption/EncryptionServiceProvider->parseKey()
#4 C:/Users/marcj/Documents/fams-laravel-backup/vendor/laravel/framework/src/Illuminate/Container/Container.php(952): Illuminate/Encryption/EncryptionServiceProvider->Illuminate/Encryption/{closure}()
#5 C:/Users/marcj/Documents/fams-laravel-backup/vendor/laravel/framework/src/Illuminate/Container/Container.php(832): Illuminate/Container/Container->build()
#6 C:/Users/marcj/Documents/fams-laravel-backup/vendor/laravel/framework/src/Illuminate/Foundation/Application.php(1078): Illuminate/Container/Container->resolve()
#7 C:/Users/marcj/Documents/fams-laravel-backup/vendor/laravel/framework/src/Illuminate/Container/Container.php(763): Illuminate/Foundation/Application->resolve()
#8 C:/Users/marcj/Documents/fams-laravel-backup/vendor/laravel/framework/src/Illuminate/Foundation/Application.php(1058): Illuminate/Container/Container->make()
#9 C:/Users/marcj/Documents/fams-laravel-backup/vendor/laravel/framework/src/Illuminate/Container/Container.php(1133): Illuminate/Foundation/Application->make()
#10 C:/Users/marcj/Documents/fams-laravel-backup/vendor/laravel/framework/src/Illuminate/Container/Container.php(1043): Illuminate/Container/Container->resolveClass()
#11 C:/Users/marcj/Documents/fams-laravel-backup/vendor/laravel/framework/src/Illuminate/Container/Container.php(994): Illuminate/Container/Container->resolveDependencies()
#12 C:/Users/marcj/Documents/fams-laravel-backup/vendor/laravel/framework/src/Illuminate/Container/Container.php(832): Illuminate/Container/Container->build()
#13 C:/Users/marcj/Documents/fams-laravel-backup/vendor/laravel/framework/src/Illuminate/Foundation/Application.php(1078): Illuminate/Container/Container->resolve()
#14 C:/Users/marcj/Documents/fams-laravel-backup/vendor/laravel/framework/src/Illuminate/Container/Container.php(763): Illuminate/Foundation/Application->resolve()
#15 C:/Users/marcj/Documents/fams-laravel-backup/vendor/laravel/framework/src/Illuminate/Foundation/Application.php(1058): Illuminate/Container/Container->make()
#16 C:/Users/marcj/Documents/fams-laravel-backup/vendor/laravel/framework/src/Illuminate/Pipeline/Pipeline.php(198): Illuminate/Foundation/Application->make()
#17 C:/Users/marcj/Documents/fams-laravel-backup/vendor/laravel/framework/src/Illuminate/Pipeline/Pipeline.php(127): Illuminate/Pipeline/Pipeline->Illuminate/Pipeline/{closure}()
#18 C:/Users/marcj/Documents/fams-laravel-backup/vendor/laravel/framework/src/Illuminate/Routing/Router.php(807): Illuminate/Pipeline/Pipeline->then()
#19 C:/Users/marcj/Documents/fams-laravel-backup/vendor/laravel/framework/src/Illuminate/Routing/Router.php(786): Illuminate/Routing/Router->runRouteWithinStack()
#20 C:/Users/marcj/Documents/fams-laravel-backup/vendor/laravel/framework/src/Illuminate/Routing/Router.php(750): Illuminate/Routing/Router->runRoute()
#21 C:/Users/marcj/Documents/fams-laravel-backup/vendor/laravel/framework/src/Illuminate/Routing/Router.php(739): Illuminate/Routing/Router->dispatchToRoute()
#22 C:/Users/marcj/Documents/fams-laravel-backup/vendor/laravel/framework/src/Illuminate/Foundation/Http/Kernel.php(201): Illuminate/Routing/Router->dispatch()
#23 C:/Users/marcj/Documents/fams-laravel-backup/vendor/laravel/framework/src/Illuminate/Pipeline/Pipeline.php(170): Illuminate/Foundation/Http/Kernel->Illuminate/Foundation/Http/{closure}()
#24 C:/Users/marcj/Documents/fams-laravel-backup/vendor/laravel/framework/src/Illuminate/Foundation/Http/Middleware/TransformsRequest.php(21): Illuminate/Pipeline/Pipeline->Illuminate/Pipeline/{closure}()
#25 C:/Users/marcj/Documents/fams-laravel-backup/vendor/laravel/framework/src/Illuminate/Foundation/Http/Middleware/ConvertEmptyStringsToNull.php(31): Illuminate/Foundation/Http/Middleware/TransformsRequest->handle()
#26 C:/Users/marcj/Documents/fams-laravel-backup/vendor/laravel/framework/src/Illuminate/Pipeline/Pipeline.php(209): Illuminate/Foundation/Http/Middleware/ConvertEmptyStringsToNull->handle()
#27 C:/Users/marcj/Documents/fams-laravel-backup/vendor/laravel/framework/src/Illuminate/Foundation/Http/Middleware/TransformsRequest.php(21): Illuminate/Pipeline/Pipeline->Illuminate/Pipeline/{closure}()
#28 C:/Users/marcj/Documents/fams-laravel-backup/vendor/laravel/framework/src/Illuminate/Foundation/Http/Middleware/TrimStrings.php(51): Illuminate/Foundation/Http/Middleware/TransformsRequest->handle()
#29 C:/Users/marcj/Documents/fams-laravel-backup/vendor/laravel/framework/src/Illuminate/Pipeline/Pipeline.php(209): Illuminate/Foundation/Http/Middleware/TrimStrings->handle()
#30 C:/Users/marcj/Documents/fams-laravel-backup/vendor/laravel/framework/src/Illuminate/Http/Middleware/ValidatePostSize.php(27): Illuminate/Pipeline/Pipeline->Illuminate/Pipeline/{closure}()
#31 C:/Users/marcj/Documents/fams-laravel-backup/vendor/laravel/framework/src/Illuminate/Pipeline/Pipeline.php(209): Illuminate/Http/Middleware/ValidatePostSize->handle()
#32 C:/Users/marcj/Documents/fams-laravel-backup/vendor/laravel/framework/src/Illuminate/Foundation/Http/Middleware/PreventRequestsDuringMaintenance.php(110): Illuminate/Pipeline/Pipeline->Illuminate/Pipeline/{closure}()
#33 C:/Users/marcj/Documents/fams-laravel-backup/vendor/laravel/framework/src/Illuminate/Pipeline/Pipeline.php(209): Illuminate/Foundation/Http/Middleware/PreventRequestsDuringMaintenance->handle()
#34 C:/Users/marcj/Documents/fams-laravel-backup/vendor/laravel/framework/src/Illuminate/Http/Middleware/HandleCors.php(49): Illuminate/Pipeline/Pipeline->Illuminate/Pipeline/{closure}()
#35 C:/Users/marcj/Documents/fams-laravel-backup/vendor/laravel/framework/src/Illuminate/Pipeline/Pipeline.php(209): Illuminate/Http/Middleware/HandleCors->handle()
#36 C:/Users/marcj/Documents/fams-laravel-backup/vendor/laravel/framework/src/Illuminate/Http/Middleware/TrustProxies.php(58): Illuminate/Pipeline/Pipeline->Illuminate/Pipeline/{closure}()
#37 C:/Users/marcj/Documents/fams-laravel-backup/vendor/laravel/framework/src/Illuminate/Pipeline/Pipeline.php(209): Illuminate/Http/Middleware/TrustProxies->handle()
#38 C:/Users/marcj/Documents/fams-laravel-backup/vendor/laravel/framework/src/Illuminate/Foundation/Http/Middleware/InvokeDeferredCallbacks.php(22): Illuminate/Pipeline/Pipeline->Illuminate/Pipeline/{closure}()
#39 C:/Users/marcj/Documents/fams-laravel-backup/vendor/laravel/framework/src/Illuminate/Pipeline/Pipeline.php(209): Illuminate/Foundation/Http/Middleware/InvokeDeferredCallbacks->handle()
#40 C:/Users/marcj/Documents/fams-laravel-backup/vendor/laravel/framework/src/Illuminate/Pipeline/Pipeline.php(127): Illuminate/Pipeline/Pipeline->Illuminate/Pipeline/{closure}()
#41 C:/Users/marcj/Documents/fams-laravel-backup/vendor/laravel/framework/src/Illuminate/Foundation/Http/Kernel.php(176): Illuminate/Pipeline/Pipeline->then()
#42 C:/Users/marcj/Documents/fams-laravel-backup/vendor/laravel/framework/src/Illuminate/Foundation/Http/Kernel.php(145): Illuminate/Foundation/Http/Kernel->sendRequestThroughRouter()
#43 C:/Users/marcj/Documents/fams-laravel-backup/vendor/laravel/framework/src/Illuminate/Foundation/Application.php(1220): Illuminate/Foundation/Http/Kernel->handle()
#44 C:/Users/marcj/Documents/fams-laravel-backup/public/index.php(15): Illuminate/Foundation/Application->handleRequest()
#45 C:/Users/marcj/Documents/fams-laravel-backup/vendor/laravel/framework/src/Illuminate/Foundation/resources/server.php(23): require_once('...')
#46 {main}
"} 
[2026-08-30 05:39:52] local.ERROR: No application encryption key has been specified. {"exception":"[object] (Illuminate\\Encryption\\MissingAppKeyException(code: 0): No application encryption key has been specified. at C:/Users/marcj/Documents/fams-laravel-backup/vendor/laravel/framework/src/Illuminate/Encryption/EncryptionServiceProvider.php:83)
[stacktrace]
#0 C:/Users/marcj/Documents/fams-laravel-backup/vendor/laravel/framework/src/Illuminate/Support/helpers.php(399): Illuminate/Encryption/EncryptionServiceProvider->Illuminate/Encryption/{closure}()
#1 C:/Users/marcj/Documents/fams-laravel-backup/vendor/laravel/framework/src/Illuminate/Encryption/EncryptionServiceProvider.php(81): tap()
#2 C:/Users/marcj/Documents/fams-laravel-backup/vendor/laravel/framework/src/Illuminate/Encryption/EncryptionServiceProvider.php(64): Illuminate/Encryption/EncryptionServiceProvider->key()
#3 C:/Users/marcj/Documents/fams-laravel-backup/vendor/laravel/framework/src/Illuminate/Encryption/EncryptionServiceProvider.php(32): Illuminate/Encryption/EncryptionServiceProvider->parseKey()
#4 C:/Users/marcj/Documents/fams-laravel-backup/vendor/laravel/framework/src/Illuminate/Container/Container.php(952): Illuminate/Encryption/EncryptionServiceProvider->Illuminate/Encryption/{closure}()
#5 C:/Users/marcj/Documents/fams-laravel-backup/vendor/laravel/framework/src/Illuminate/Container/Container.php(832): Illuminate/Container/Container->build()
#6 C:/Users/marcj/Documents/fams-laravel-backup/vendor/laravel/framework/src/Illuminate/Foundation/Application.php(1078): Illuminate/Container/Container->resolve()
#7 C:/Users/marcj/Documents/fams-laravel-backup/vendor/laravel/framework/src/Illuminate/Container/Container.php(763): Illuminate/Foundation/Application->resolve()
#8 C:/Users/marcj/Documents/fams-laravel-backup/vendor/laravel/framework/src/Illuminate/Foundation/Application.php(1058): Illuminate/Container/Container->make()
#9 C:/Users/marcj/Documents/fams-laravel-backup/vendor/laravel/framework/src/Illuminate/Container/Container.php(1133): Illuminate/Foundation/Application->make()
#10 C:/Users/marcj/Documents/fams-laravel-backup/vendor/laravel/framework/src/Illuminate/Container/Container.php(1043): Illuminate/Container/Container->resolveClass()
#11 C:/Users/marcj/Documents/fams-laravel-backup/vendor/laravel/framework/src/Illuminate/Container/Container.php(994): Illuminate/Container/Container->resolveDependencies()
#12 C:/Users/marcj/Documents/fams-laravel-backup/vendor/laravel/framework/src/Illuminate/Container/Container.php(832): Illuminate/Container/Container->build()
#13 C:/Users/marcj/Documents/fams-laravel-backup/vendor/laravel/framework/src/Illuminate/Foundation/Application.php(1078): Illuminate/Container/Container->resolve()
#14 C:/Users/marcj/Documents/fams-laravel-backup/vendor/laravel/framework/src/Illuminate/Container/Container.php(763): Illuminate/Foundation/Application->resolve()
#15 C:/Users/marcj/Documents/fams-laravel-backup/vendor/laravel/framework/src/Illuminate/Foundation/Application.php(1058): Illuminate/Container/Container->make()
#16 C:/Users/marcj/Documents/fams-laravel-backup/vendor/laravel/framework/src/Illuminate/Foundation/Http/Kernel.php(258): Illuminate/Foundation/Application->make()
#17 C:/Users/marcj/Documents/fams-laravel-backup/vendor/laravel/framework/src/Illuminate/Foundation/Http/Kernel.php(216): Illuminate/Foundation/Http/Kernel->terminateMiddleware()
#18 C:/Users/marcj/Documents/fams-laravel-backup/vendor/laravel/framework/src/Illuminate/Foundation/Application.php(1222): Illuminate/Foundation/Http/Kernel->terminate()
#19 C:/Users/marcj/Documents/fams-laravel-backup/public/index.php(15): Illuminate/Foundation/Application->handleRequest()
#20 C:/Users/marcj/Documents/fams-laravel-backup/vendor/laravel/framework/src/Illuminate/Foundation/resources/server.php(23): require_once('...')
#21 {main}
"} 
[2026-08-30 05:43:05] local.ERROR: No application encryption key has been specified. {"exception":"[object] (Illuminate\\Encryption\\MissingAppKeyException(code: 0): No application encryption key has been specified. at C:/Users/marcj/Documents/fams-laravel-backup/vendor/laravel/framework/src/Illuminate/Encryption/EncryptionServiceProvider.php:83)
[stacktrace]
#0 C:/Users/marcj/Documents/fams-laravel-backup/vendor/laravel/framework/src/Illuminate/Support/helpers.php(399): Illuminate/Encryption/EncryptionServiceProvider->Illuminate/Encryption/{closure}()
#1 C:/Users/marcj/Documents/fams-laravel-backup/vendor/laravel/framework/src/Illuminate/Encryption/EncryptionServiceProvider.php(81): tap()
#2 C:/Users/marcj/Documents/fams-laravel-backup/vendor/laravel/framework/src/Illuminate/Encryption/EncryptionServiceProvider.php(64): Illuminate/Encryption/EncryptionServiceProvider->key()
#3 C:/Users/marcj/Documents/fams-laravel-backup/vendor/laravel/framework/src/Illuminate/Encryption/EncryptionServiceProvider.php(32): Illuminate/Encryption/EncryptionServiceProvider->parseKey()
#4 C:/Users/marcj/Documents/fams-laravel-backup/vendor/laravel/framework/src/Illuminate/Container/Container.php(952): Illuminate/Encryption/EncryptionServiceProvider->Illuminate/Encryption/{closure}()
#5 C:/Users/marcj/Documents/fams-laravel-backup/vendor/laravel/framework/src/Illuminate/Container/Container.php(832): Illuminate/Container/Container->build()
#6 C:/Users/marcj/Documents/fams-laravel-backup/vendor/laravel/framework/src/Illuminate/Foundation/Application.php(1078): Illuminate/Container/Container->resolve()
#7 C:/Users/marcj/Documents/fams-laravel-backup/vendor/laravel/framework/src/Illuminate/Container/Container.php(763): Illuminate/Foundation/Application->resolve()
#8 C:/Users/marcj/Documents/fams-laravel-backup/vendor/laravel/framework/src/Illuminate/Foundation/Application.php(1058): Illuminate/Container/Container->make()
#9 C:/Users/marcj/Documents/fams-laravel-backup/vendor/laravel/framework/src/Illuminate/Container/Container.php(1133): Illuminate/Foundation/Application->make()
#10 C:/Users/marcj/Documents/fams-laravel-backup/vendor/laravel/framework/src/Illuminate/Container/Container.php(1043): Illuminate/Container/Container->resolveClass()
#11 C:/Users/marcj/Documents/fams-laravel-backup/vendor/laravel/framework/src/Illuminate/Container/Container.php(994): Illuminate/Container/Container->resolveDependencies()
#12 C:/Users/marcj/Documents/fams-laravel-backup/vendor/laravel/framework/src/Illuminate/Container/Container.php(832): Illuminate/Container/Container->build()
#13 C:/Users/marcj/Documents/fams-laravel-backup/vendor/laravel/framework/src/Illuminate/Foundation/Application.php(1078): Illuminate/Container/Container->resolve()
#14 C:/Users/marcj/Documents/fams-laravel-backup/vendor/laravel/framework/src/Illuminate/Container/Container.php(763): Illuminate/Foundation/Application->resolve()
#15 C:/Users/marcj/Documents/fams-laravel-backup/vendor/laravel/framework/src/Illuminate/Foundation/Application.php(1058): Illuminate/Container/Container->make()
#16 C:/Users/marcj/Documents/fams-laravel-backup/vendor/laravel/framework/src/Illuminate/Pipeline/Pipeline.php(198): Illuminate/Foundation/Application->make()
#17 C:/Users/marcj/Documents/fams-laravel-backup/vendor/laravel/framework/src/Illuminate/Pipeline/Pipeline.php(127): Illuminate/Pipeline/Pipeline->Illuminate/Pipeline/{closure}()
#18 C:/Users/marcj/Documents/fams-laravel-backup/vendor/laravel/framework/src/Illuminate/Routing/Router.php(807): Illuminate/Pipeline/Pipeline->then()
#19 C:/Users/marcj/Documents/fams-laravel-backup/vendor/laravel/framework/src/Illuminate/Routing/Router.php(786): Illuminate/Routing/Router->runRouteWithinStack()
#20 C:/Users/marcj/Documents/fams-laravel-backup/vendor/laravel/framework/src/Illuminate/Routing/Router.php(750): Illuminate/Routing/Router->runRoute()
#21 C:/Users/marcj/Documents/fams-laravel-backup/vendor/laravel/framework/src/Illuminate/Routing/Router.php(739): Illuminate/Routing/Router->dispatchToRoute()
#22 C:/Users/marcj/Documents/fams-laravel-backup/vendor/laravel/framework/src/Illuminate/Foundation/Http/Kernel.php(201): Illuminate/Routing/Router->dispatch()
#23 C:/Users/marcj/Documents/fams-laravel-backup/vendor/laravel/framework/src/Illuminate/Pipeline/Pipeline.php(170): Illuminate/Foundation/Http/Kernel->Illuminate/Foundation/Http/{closure}()
#24 C:/Users/marcj/Documents/fams-laravel-backup/vendor/laravel/framework/src/Illuminate/Foundation/Http/Middleware/TransformsRequest.php(21): Illuminate/Pipeline/Pipeline->Illuminate/Pipeline/{closure}()
#25 C:/Users/marcj/Documents/fams-laravel-backup/vendor/laravel/framework/src/Illuminate/Foundation/Http/Middleware/ConvertEmptyStringsToNull.php(31): Illuminate/Foundation/Http/Middleware/TransformsRequest->handle()
#26 C:/Users/marcj/Documents/fams-laravel-backup/vendor/laravel/framework/src/Illuminate/Pipeline/Pipeline.php(209): Illuminate/Foundation/Http/Middleware/ConvertEmptyStringsToNull->handle()
#27 C:/Users/marcj/Documents/fams-laravel-backup/vendor/laravel/framework/src/Illuminate/Foundation/Http/Middleware/TransformsRequest.php(21): Illuminate/Pipeline/Pipeline->Illuminate/Pipeline/{closure}()
#28 C:/Users/marcj/Documents/fams-laravel-backup/vendor/laravel/framework/src/Illuminate/Foundation/Http/Middleware/TrimStrings.php(51): Illuminate/Foundation/Http/Middleware/TransformsRequest->handle()
#29 C:/Users/marcj/Documents/fams-laravel-backup/vendor/laravel/framework/src/Illuminate/Pipeline/Pipeline.php(209): Illuminate/Foundation/Http/Middleware/TrimStrings->handle()
#30 C:/Users/marcj/Documents/fams-laravel-backup/vendor/laravel/framework/src/Illuminate/Http/Middleware/ValidatePostSize.php(27): Illuminate/Pipeline/Pipeline->Illuminate/Pipeline/{closure}()
#31 C:/Users/marcj/Documents/fams-laravel-backup/vendor/laravel/framework/src/Illuminate/Pipeline/Pipeline.php(209): Illuminate/Http/Middleware/ValidatePostSize->handle()
#32 C:/Users/marcj/Documents/fams-laravel-backup/vendor/laravel/framework/src/Illuminate/Foundation/Http/Middleware/PreventRequestsDuringMaintenance.php(110): Illuminate/Pipeline/Pipeline->Illuminate/Pipeline/{closure}()
#33 C:/Users/marcj/Documents/fams-laravel-backup/vendor/laravel/framework/src/Illuminate/Pipeline/Pipeline.php(209): Illuminate/Foundation/Http/Middleware/PreventRequestsDuringMaintenance->handle()
#34 C:/Users/marcj/Documents/fams-laravel-backup/vendor/laravel/framework/src/Illuminate/Http/Middleware/HandleCors.php(49): Illuminate/Pipeline/Pipeline->Illuminate/Pipeline/{closure}()
#35 C:/Users/marcj/Documents/fams-laravel-backup/vendor/laravel/framework/src/Illuminate/Pipeline/Pipeline.php(209): Illuminate/Http/Middleware/HandleCors->handle()
#36 C:/Users/marcj/Documents/fams-laravel-backup/vendor/laravel/framework/src/Illuminate/Http/Middleware/TrustProxies.php(58): Illuminate/Pipeline/Pipeline->Illuminate/Pipeline/{closure}()
#37 C:/Users/marcj/Documents/fams-laravel-backup/vendor/laravel/framework/src/Illuminate/Pipeline/Pipeline.php(209): Illuminate/Http/Middleware/TrustProxies->handle()
#38 C:/Users/marcj/Documents/fams-laravel-backup/vendor/laravel/framework/src/Illuminate/Foundation/Http/Middleware/InvokeDeferredCallbacks.php(22): Illuminate/Pipeline/Pipeline->Illuminate/Pipeline/{closure}()
#39 C:/Users/marcj/Documents/fams-laravel-backup/vendor/laravel/framework/src/Illuminate/Pipeline/Pipeline.php(209): Illuminate/Foundation/Http/Middleware/InvokeDeferredCallbacks->handle()
#40 C:/Users/marcj/Documents/fams-laravel-backup/vendor/laravel/framework/src/Illuminate/Pipeline/Pipeline.php(127): Illuminate/Pipeline/Pipeline->Illuminate/Pipeline/{closure}()
#41 C:/Users/marcj/Documents/fams-laravel-backup/vendor/laravel/framework/src/Illuminate/Foundation/Http/Kernel.php(176): Illuminate/Pipeline/Pipeline->then()
#42 C:/Users/marcj/Documents/fams-laravel-backup/vendor/laravel/framework/src/Illuminate/Foundation/Http/Kernel.php(145): Illuminate/Foundation/Http/Kernel->sendRequestThroughRouter()
#43 C:/Users/marcj/Documents/fams-laravel-backup/vendor/laravel/framework/src/Illuminate/Foundation/Application.php(1220): Illuminate/Foundation/Http/Kernel->handle()
#44 C:/Users/marcj/Documents/fams-laravel-backup/public/index.php(15): Illuminate/Foundation/Application->handleRequest()
#45 C:/Users/marcj/Documents/fams-laravel-backup/vendor/laravel/framework/src/Illuminate/Foundation/resources/server.php(23): require_once('...')
#46 {main}
"} 
[2026-08-30 05:43:08] local.ERROR: No application encryption key has been specified. {"exception":"[object] (Illuminate\\Encryption\\MissingAppKeyException(code: 0): No application encryption key has been specified. at C:/Users/marcj/Documents/fams-laravel-backup/vendor/laravel/framework/src/Illuminate/Encryption/EncryptionServiceProvider.php:83)
[stacktrace]
#0 C:/Users/marcj/Documents/fams-laravel-backup/vendor/laravel/framework/src/Illuminate/Support/helpers.php(399): Illuminate/Encryption/EncryptionServiceProvider->Illuminate/Encryption/{closure}()
#1 C:/Users/marcj/Documents/fams-laravel-backup/vendor/laravel/framework/src/Illuminate/Encryption/EncryptionServiceProvider.php(81): tap()
#2 C:/Users/marcj/Documents/fams-laravel-backup/vendor/laravel/framework/src/Illuminate/Encryption/EncryptionServiceProvider.php(64): Illuminate/Encryption/EncryptionServiceProvider->key()
#3 C:/Users/marcj/Documents/fams-laravel-backup/vendor/laravel/framework/src/Illuminate/Encryption/EncryptionServiceProvider.php(32): Illuminate/Encryption/EncryptionServiceProvider->parseKey()
#4 C:/Users/marcj/Documents/fams-laravel-backup/vendor/laravel/framework/src/Illuminate/Container/Container.php(952): Illuminate/Encryption/EncryptionServiceProvider->Illuminate/Encryption/{closure}()
#5 C:/Users/marcj/Documents/fams-laravel-backup/vendor/laravel/framework/src/Illuminate/Container/Container.php(832): Illuminate/Container/Container->build()
#6 C:/Users/marcj/Documents/fams-laravel-backup/vendor/laravel/framework/src/Illuminate/Foundation/Application.php(1078): Illuminate/Container/Container->resolve()
#7 C:/Users/marcj/Documents/fams-laravel-backup/vendor/laravel/framework/src/Illuminate/Container/Container.php(763): Illuminate/Foundation/Application->resolve()
#8 C:/Users/marcj/Documents/fams-laravel-backup/vendor/laravel/framework/src/Illuminate/Foundation/Application.php(1058): Illuminate/Container/Container->make()
#9 C:/Users/marcj/Documents/fams-laravel-backup/vendor/laravel/framework/src/Illuminate/Container/Container.php(1133): Illuminate/Foundation/Application->make()
#10 C:/Users/marcj/Documents/fams-laravel-backup/vendor/laravel/framework/src/Illuminate/Container/Container.php(1043): Illuminate/Container/Container->resolveClass()
#11 C:/Users/marcj/Documents/fams-laravel-backup/vendor/laravel/framework/src/Illuminate/Container/Container.php(994): Illuminate/Container/Container->resolveDependencies()
#12 C:/Users/marcj/Documents/fams-laravel-backup/vendor/laravel/framework/src/Illuminate/Container/Container.php(832): Illuminate/Container/Container->build()
#13 C:/Users/marcj/Documents/fams-laravel-backup/vendor/laravel/framework/src/Illuminate/Foundation/Application.php(1078): Illuminate/Container/Container->resolve()
#14 C:/Users/marcj/Documents/fams-laravel-backup/vendor/laravel/framework/src/Illuminate/Container/Container.php(763): Illuminate/Foundation/Application->resolve()
#15 C:/Users/marcj/Documents/fams-laravel-backup/vendor/laravel/framework/src/Illuminate/Foundation/Application.php(1058): Illuminate/Container/Container->make()
#16 C:/Users/marcj/Documents/fams-laravel-backup/vendor/laravel/framework/src/Illuminate/Foundation/Http/Kernel.php(258): Illuminate/Foundation/Application->make()
#17 C:/Users/marcj/Documents/fams-laravel-backup/vendor/laravel/framework/src/Illuminate/Foundation/Http/Kernel.php(216): Illuminate/Foundation/Http/Kernel->terminateMiddleware()
#18 C:/Users/marcj/Documents/fams-laravel-backup/vendor/laravel/framework/src/Illuminate/Foundation/Application.php(1222): Illuminate/Foundation/Http/Kernel->terminate()
#19 C:/Users/marcj/Documents/fams-laravel-backup/public/index.php(15): Illuminate/Foundation/Application->handleRequest()
#20 C:/Users/marcj/Documents/fams-laravel-backup/vendor/laravel/framework/src/Illuminate/Foundation/resources/server.php(23): require_once('...')
#21 {main}
"} 
[2026-08-30 05:43:23] local.ERROR: No application encryption key has been specified. {"exception":"[object] (Illuminate\\Encryption\\MissingAppKeyException(code: 0): No application encryption key has been specified. at C:/Users/marcj/Documents/fams-laravel-backup/vendor/laravel/framework/src/Illuminate/Encryption/EncryptionServiceProvider.php:83)
[stacktrace]
#0 C:/Users/marcj/Documents/fams-laravel-backup/vendor/laravel/framework/src/Illuminate/Support/helpers.php(399): Illuminate/Encryption/EncryptionServiceProvider->Illuminate/Encryption/{closure}()
#1 C:/Users/marcj/Documents/fams-laravel-backup/vendor/laravel/framework/src/Illuminate/Encryption/EncryptionServiceProvider.php(81): tap()
#2 C:/Users/marcj/Documents/fams-laravel-backup/vendor/laravel/framework/src/Illuminate/Encryption/EncryptionServiceProvider.php(64): Illuminate/Encryption/EncryptionServiceProvider->key()
#3 C:/Users/marcj/Documents/fams-laravel-backup/vendor/laravel/framework/src/Illuminate/Encryption/EncryptionServiceProvider.php(32): Illuminate/Encryption/EncryptionServiceProvider->parseKey()
#4 C:/Users/marcj/Documents/fams-laravel-backup/vendor/laravel/framework/src/Illuminate/Container/Container.php(952): Illuminate/Encryption/EncryptionServiceProvider->Illuminate/Encryption/{closure}()
#5 C:/Users/marcj/Documents/fams-laravel-backup/vendor/laravel/framework/src/Illuminate/Container/Container.php(832): Illuminate/Container/Container->build()
#6 C:/Users/marcj/Documents/fams-laravel-backup/vendor/laravel/framework/src/Illuminate/Foundation/Application.php(1078): Illuminate/Container/Container->resolve()
#7 C:/Users/marcj/Documents/fams-laravel-backup/vendor/laravel/framework/src/Illuminate/Container/Container.php(763): Illuminate/Foundation/Application->resolve()
#8 C:/Users/marcj/Documents/fams-laravel-backup/vendor/laravel/framework/src/Illuminate/Foundation/Application.php(1058): Illuminate/Container/Container->make()
#9 C:/Users/marcj/Documents/fams-laravel-backup/vendor/laravel/framework/src/Illuminate/Container/Container.php(1133): Illuminate/Foundation/Application->make()
#10 C:/Users/marcj/Documents/fams-laravel-backup/vendor/laravel/framework/src/Illuminate/Container/Container.php(1043): Illuminate/Container/Container->resolveClass()
#11 C:/Users/marcj/Documents/fams-laravel-backup/vendor/laravel/framework/src/Illuminate/Container/Container.php(994): Illuminate/Container/Container->resolveDependencies()
#12 C:/Users/marcj/Documents/fams-laravel-backup/vendor/laravel/framework/src/Illuminate/Container/Container.php(832): Illuminate/Container/Container->build()
#13 C:/Users/marcj/Documents/fams-laravel-backup/vendor/laravel/framework/src/Illuminate/Foundation/Application.php(1078): Illuminate/Container/Container->resolve()
#14 C:/Users/marcj/Documents/fams-laravel-backup/vendor/laravel/framework/src/Illuminate/Container/Container.php(763): Illuminate/Foundation/Application->resolve()
#15 C:/Users/marcj/Documents/fams-laravel-backup/vendor/laravel/framework/src/Illuminate/Foundation/Application.php(1058): Illuminate/Container/Container->make()
#16 C:/Users/marcj/Documents/fams-laravel-backup/vendor/laravel/framework/src/Illuminate/Pipeline/Pipeline.php(198): Illuminate/Foundation/Application->make()
#17 C:/Users/marcj/Documents/fams-laravel-backup/vendor/laravel/framework/src/Illuminate/Pipeline/Pipeline.php(127): Illuminate/Pipeline/Pipeline->Illuminate/Pipeline/{closure}()
#18 C:/Users/marcj/Documents/fams-laravel-backup/vendor/laravel/framework/src/Illuminate/Routing/Router.php(807): Illuminate/Pipeline/Pipeline->then()
#19 C:/Users/marcj/Documents/fams-laravel-backup/vendor/laravel/framework/src/Illuminate/Routing/Router.php(786): Illuminate/Routing/Router->runRouteWithinStack()
#20 C:/Users/marcj/Documents/fams-laravel-backup/vendor/laravel/framework/src/Illuminate/Routing/Router.php(750): Illuminate/Routing/Router->runRoute()
#21 C:/Users/marcj/Documents/fams-laravel-backup/vendor/laravel/framework/src/Illuminate/Routing/Router.php(739): Illuminate/Routing/Router->dispatchToRoute()
#22 C:/Users/marcj/Documents/fams-laravel-backup/vendor/laravel/framework/src/Illuminate/Foundation/Http/Kernel.php(201): Illuminate/Routing/Router->dispatch()
#23 C:/Users/marcj/Documents/fams-laravel-backup/vendor/laravel/framework/src/Illuminate/Pipeline/Pipeline.php(170): Illuminate/Foundation/Http/Kernel->Illuminate/Foundation/Http/{closure}()
#24 C:/Users/marcj/Documents/fams-laravel-backup/vendor/laravel/framework/src/Illuminate/Foundation/Http/Middleware/TransformsRequest.php(21): Illuminate/Pipeline/Pipeline->Illuminate/Pipeline/{closure}()
#25 C:/Users/marcj/Documents/fams-laravel-backup/vendor/laravel/framework/src/Illuminate/Foundation/Http/Middleware/ConvertEmptyStringsToNull.php(31): Illuminate/Foundation/Http/Middleware/TransformsRequest->handle()
#26 C:/Users/marcj/Documents/fams-laravel-backup/vendor/laravel/framework/src/Illuminate/Pipeline/Pipeline.php(209): Illuminate/Foundation/Http/Middleware/ConvertEmptyStringsToNull->handle()
#27 C:/Users/marcj/Documents/fams-laravel-backup/vendor/laravel/framework/src/Illuminate/Foundation/Http/Middleware/TransformsRequest.php(21): Illuminate/Pipeline/Pipeline->Illuminate/Pipeline/{closure}()
#28 C:/Users/marcj/Documents/fams-laravel-backup/vendor/laravel/framework/src/Illuminate/Foundation/Http/Middleware/TrimStrings.php(51): Illuminate/Foundation/Http/Middleware/TransformsRequest->handle()
#29 C:/Users/marcj/Documents/fams-laravel-backup/vendor/laravel/framework/src/Illuminate/Pipeline/Pipeline.php(209): Illuminate/Foundation/Http/Middleware/TrimStrings->handle()
#30 C:/Users/marcj/Documents/fams-laravel-backup/vendor/laravel/framework/src/Illuminate/Http/Middleware/ValidatePostSize.php(27): Illuminate/Pipeline/Pipeline->Illuminate/Pipeline/{closure}()
#31 C:/Users/marcj/Documents/fams-laravel-backup/vendor/laravel/framework/src/Illuminate/Pipeline/Pipeline.php(209): Illuminate/Http/Middleware/ValidatePostSize->handle()
#32 C:/Users/marcj/Documents/fams-laravel-backup/vendor/laravel/framework/src/Illuminate/Foundation/Http/Middleware/PreventRequestsDuringMaintenance.php(110): Illuminate/Pipeline/Pipeline->Illuminate/Pipeline/{closure}()
#33 C:/Users/marcj/Documents/fams-laravel-backup/vendor/laravel/framework/src/Illuminate/Pipeline/Pipeline.php(209): Illuminate/Foundation/Http/Middleware/PreventRequestsDuringMaintenance->handle()
#34 C:/Users/marcj/Documents/fams-laravel-backup/vendor/laravel/framework/src/Illuminate/Http/Middleware/HandleCors.php(49): Illuminate/Pipeline/Pipeline->Illuminate/Pipeline/{closure}()
#35 C:/Users/marcj/Documents/fams-laravel-backup/vendor/laravel/framework/src/Illuminate/Pipeline/Pipeline.php(209): Illuminate/Http/Middleware/HandleCors->handle()
#36 C:/Users/marcj/Documents/fams-laravel-backup/vendor/laravel/framework/src/Illuminate/Http/Middleware/TrustProxies.php(58): Illuminate/Pipeline/Pipeline->Illuminate/Pipeline/{closure}()
#37 C:/Users/marcj/Documents/fams-laravel-backup/vendor/laravel/framework/src/Illuminate/Pipeline/Pipeline.php(209): Illuminate/Http/Middleware/TrustProxies->handle()
#38 C:/Users/marcj/Documents/fams-laravel-backup/vendor/laravel/framework/src/Illuminate/Foundation/Http/Middleware/InvokeDeferredCallbacks.php(22): Illuminate/Pipeline/Pipeline->Illuminate/Pipeline/{closure}()
#39 C:/Users/marcj/Documents/fams-laravel-backup/vendor/laravel/framework/src/Illuminate/Pipeline/Pipeline.php(209): Illuminate/Foundation/Http/Middleware/InvokeDeferredCallbacks->handle()
#40 C:/Users/marcj/Documents/fams-laravel-backup/vendor/laravel/framework/src/Illuminate/Pipeline/Pipeline.php(127): Illuminate/Pipeline/Pipeline->Illuminate/Pipeline/{closure}()
#41 C:/Users/marcj/Documents/fams-laravel-backup/vendor/laravel/framework/src/Illuminate/Foundation/Http/Kernel.php(176): Illuminate/Pipeline/Pipeline->then()
#42 C:/Users/marcj/Documents/fams-laravel-backup/vendor/laravel/framework/src/Illuminate/Foundation/Http/Kernel.php(145): Illuminate/Foundation/Http/Kernel->sendRequestThroughRouter()
#43 C:/Users/marcj/Documents/fams-laravel-backup/vendor/laravel/framework/src/Illuminate/Foundation/Application.php(1220): Illuminate/Foundation/Http/Kernel->handle()
#44 C:/Users/marcj/Documents/fams-laravel-backup/public/index.php(15): Illuminate/Foundation/Application->handleRequest()
#45 C:/Users/marcj/Documents/fams-laravel-backup/vendor/laravel/framework/src/Illuminate/Foundation/resources/server.php(23): require_once('...')
#46 {main}
"} 
[2026-08-30 05:43:24] local.ERROR: No application encryption key has been specified. {"exception":"[object] (Illuminate\\Encryption\\MissingAppKeyException(code: 0): No application encryption key has been specified. at C:/Users/marcj/Documents/fams-laravel-backup/vendor/laravel/framework/src/Illuminate/Encryption/EncryptionServiceProvider.php:83)
[stacktrace]
#0 C:/Users/marcj/Documents/fams-laravel-backup/vendor/laravel/framework/src/Illuminate/Support/helpers.php(399): Illuminate/Encryption/EncryptionServiceProvider->Illuminate/Encryption/{closure}()
#1 C:/Users/marcj/Documents/fams-laravel-backup/vendor/laravel/framework/src/Illuminate/Encryption/EncryptionServiceProvider.php(81): tap()
#2 C:/Users/marcj/Documents/fams-laravel-backup/vendor/laravel/framework/src/Illuminate/Encryption/EncryptionServiceProvider.php(64): Illuminate/Encryption/EncryptionServiceProvider->key()
#3 C:/Users/marcj/Documents/fams-laravel-backup/vendor/laravel/framework/src/Illuminate/Encryption/EncryptionServiceProvider.php(32): Illuminate/Encryption/EncryptionServiceProvider->parseKey()
#4 C:/Users/marcj/Documents/fams-laravel-backup/vendor/laravel/framework/src/Illuminate/Container/Container.php(952): Illuminate/Encryption/EncryptionServiceProvider->Illuminate/Encryption/{closure}()
#5 C:/Users/marcj/Documents/fams-laravel-backup/vendor/laravel/framework/src/Illuminate/Container/Container.php(832): Illuminate/Container/Container->build()
#6 C:/Users/marcj/Documents/fams-laravel-backup/vendor/laravel/framework/src/Illuminate/Foundation/Application.php(1078): Illuminate/Container/Container->resolve()
#7 C:/Users/marcj/Documents/fams-laravel-backup/vendor/laravel/framework/src/Illuminate/Container/Container.php(763): Illuminate/Foundation/Application->resolve()
#8 C:/Users/marcj/Documents/fams-laravel-backup/vendor/laravel/framework/src/Illuminate/Foundation/Application.php(1058): Illuminate/Container/Container->make()
#9 C:/Users/marcj/Documents/fams-laravel-backup/vendor/laravel/framework/src/Illuminate/Container/Container.php(1133): Illuminate/Foundation/Application->make()
#10 C:/Users/marcj/Documents/fams-laravel-backup/vendor/laravel/framework/src/Illuminate/Container/Container.php(1043): Illuminate/Container/Container->resolveClass()
#11 C:/Users/marcj/Documents/fams-laravel-backup/vendor/laravel/framework/src/Illuminate/Container/Container.php(994): Illuminate/Container/Container->resolveDependencies()
#12 C:/Users/marcj/Documents/fams-laravel-backup/vendor/laravel/framework/src/Illuminate/Container/Container.php(832): Illuminate/Container/Container->build()
#13 C:/Users/marcj/Documents/fams-laravel-backup/vendor/laravel/framework/src/Illuminate/Foundation/Application.php(1078): Illuminate/Container/Container->resolve()
#14 C:/Users/marcj/Documents/fams-laravel-backup/vendor/laravel/framework/src/Illuminate/Container/Container.php(763): Illuminate/Foundation/Application->resolve()
#15 C:/Users/marcj/Documents/fams-laravel-backup/vendor/laravel/framework/src/Illuminate/Foundation/Application.php(1058): Illuminate/Container/Container->make()
#16 C:/Users/marcj/Documents/fams-laravel-backup/vendor/laravel/framework/src/Illuminate/Foundation/Http/Kernel.php(258): Illuminate/Foundation/Application->make()
#17 C:/Users/marcj/Documents/fams-laravel-backup/vendor/laravel/framework/src/Illuminate/Foundation/Http/Kernel.php(216): Illuminate/Foundation/Http/Kernel->terminateMiddleware()
#18 C:/Users/marcj/Documents/fams-laravel-backup/vendor/laravel/framework/src/Illuminate/Foundation/Application.php(1222): Illuminate/Foundation/Http/Kernel->terminate()
#19 C:/Users/marcj/Documents/fams-laravel-backup/public/index.php(15): Illuminate/Foundation/Application->handleRequest()
#20 C:/Users/marcj/Documents/fams-laravel-backup/vendor/laravel/framework/src/Illuminate/Foundation/resources/server.php(23): require_once('...')
#21 {main}
"} 
[2026-08-30 05:45:13] local.ERROR: Route [register] not defined. (View: C:\Users\marcj\Documents\fams-laravel-backup\resources\views\auth\login.blade.php) {"exception":"[object] (Illuminate\\View\\ViewException(code: 0): Route [register] not defined. (View: C:\\Users\\marcj\\Documents\\fams-laravel-backup\\resources\\views\\auth\\login.blade.php) at C:/Users/marcj/Documents/fams-laravel-backup/vendor/laravel/framework/src/Illuminate/Routing/UrlGenerator.php:517)
[stacktrace]
#0 C:/Users/marcj/Documents/fams-laravel-backup/vendor/laravel/framework/src/Illuminate/View/Engines/PhpEngine.php(60): Illuminate/View/Engines/CompilerEngine->handleViewException()
#1 C:/Users/marcj/Documents/fams-laravel-backup/vendor/laravel/framework/src/Illuminate/View/Engines/CompilerEngine.php(75): Illuminate/View/Engines/PhpEngine->evaluatePath()
#2 C:/Users/marcj/Documents/fams-laravel-backup/vendor/laravel/framework/src/Illuminate/View/View.php(209): Illuminate/View/Engines/CompilerEngine->get()
#3 C:/Users/marcj/Documents/fams-laravel-backup/vendor/laravel/framework/src/Illuminate/View/View.php(192): Illuminate/View/View->getContents()
#4 C:/Users/marcj/Documents/fams-laravel-backup/vendor/laravel/framework/src/Illuminate/View/View.php(161): Illuminate/View/View->renderContents()
#5 C:/Users/marcj/Documents/fams-laravel-backup/vendor/laravel/framework/src/Illuminate/Http/Response.php(79): Illuminate/View/View->render()
#6 C:/Users/marcj/Documents/fams-laravel-backup/vendor/laravel/framework/src/Illuminate/Http/Response.php(35): Illuminate/Http/Response->setContent()
#7 C:/Users/marcj/Documents/fams-laravel-backup/vendor/laravel/framework/src/Illuminate/Routing/Router.php(920): Illuminate/Http/Response->__construct()
#8 C:/Users/marcj/Documents/fams-laravel-backup/vendor/laravel/framework/src/Illuminate/Routing/Router.php(887): Illuminate/Routing/Router::toResponse()
#9 C:/Users/marcj/Documents/fams-laravel-backup/vendor/laravel/framework/src/Illuminate/Routing/Router.php(807): Illuminate/Routing/Router->prepareResponse()
#10 C:/Users/marcj/Documents/fams-laravel-backup/vendor/laravel/framework/src/Illuminate/Pipeline/Pipeline.php(170): Illuminate/Routing/Router->Illuminate/Routing/{closure}()
#11 C:/Users/marcj/Documents/fams-laravel-backup/vendor/laravel/framework/src/Illuminate/Auth/Middleware/RedirectIfAuthenticated.php(35): Illuminate/Pipeline/Pipeline->Illuminate/Pipeline/{closure}()
#12 C:/Users/marcj/Documents/fams-laravel-backup/vendor/laravel/framework/src/Illuminate/Pipeline/Pipeline.php(209): Illuminate/Auth/Middleware/RedirectIfAuthenticated->handle()
#13 C:/Users/marcj/Documents/fams-laravel-backup/app/Http/Middleware/ForcePasswordChange.php(26): Illuminate/Pipeline/Pipeline->Illuminate/Pipeline/{closure}()
#14 C:/Users/marcj/Documents/fams-laravel-backup/vendor/laravel/framework/src/Illuminate/Pipeline/Pipeline.php(209): App/Http/Middleware/ForcePasswordChange->handle()
#15 C:/Users/marcj/Documents/fams-laravel-backup/app/Http/Middleware/EnsureActiveAccount.php(26): Illuminate/Pipeline/Pipeline->Illuminate/Pipeline/{closure}()
#16 C:/Users/marcj/Documents/fams-laravel-backup/vendor/laravel/framework/src/Illuminate/Pipeline/Pipeline.php(209): App/Http/Middleware/EnsureActiveAccount->handle()
#17 C:/Users/marcj/Documents/fams-laravel-backup/vendor/laravel/framework/src/Illuminate/Routing/Middleware/SubstituteBindings.php(51): Illuminate/Pipeline/Pipeline->Illuminate/Pipeline/{closure}()
#18 C:/Users/marcj/Documents/fams-laravel-backup/vendor/laravel/framework/src/Illuminate/Pipeline/Pipeline.php(209): Illuminate/Routing/Middleware/SubstituteBindings->handle()
#19 C:/Users/marcj/Documents/fams-laravel-backup/vendor/laravel/framework/src/Illuminate/Foundation/Http/Middleware/VerifyCsrfToken.php(88): Illuminate/Pipeline/Pipeline->Illuminate/Pipeline/{closure}()
#20 C:/Users/marcj/Documents/fams-laravel-backup/vendor/laravel/framework/src/Illuminate/Pipeline/Pipeline.php(209): Illuminate/Foundation/Http/Middleware/VerifyCsrfToken->handle()
#21 C:/Users/marcj/Documents/fams-laravel-backup/vendor/laravel/framework/src/Illuminate/View/Middleware/ShareErrorsFromSession.php(49): Illuminate/Pipeline/Pipeline->Illuminate/Pipeline/{closure}()
#22 C:/Users/marcj/Documents/fams-laravel-backup/vendor/laravel/framework/src/Illuminate/Pipeline/Pipeline.php(209): Illuminate/View/Middleware/ShareErrorsFromSession->handle()
#23 C:/Users/marcj/Documents/fams-laravel-backup/vendor/laravel/framework/src/Illuminate/Session/Middleware/StartSession.php(121): Illuminate/Pipeline/Pipeline->Illuminate/Pipeline/{closure}()
#24 C:/Users/marcj/Documents/fams-laravel-backup/vendor/laravel/framework/src/Illuminate/Session/Middleware/StartSession.php(64): Illuminate/Session/Middleware/StartSession->handleStatefulRequest()
#25 C:/Users/marcj/Documents/fams-laravel-backup/vendor/laravel/framework/src/Illuminate/Pipeline/Pipeline.php(209): Illuminate/Session/Middleware/StartSession->handle()
#26 C:/Users/marcj/Documents/fams-laravel-backup/vendor/laravel/framework/src/Illuminate/Cookie/Middleware/AddQueuedCookiesToResponse.php(37): Illuminate/Pipeline/Pipeline->Illuminate/Pipeline/{closure}()
#27 C:/Users/marcj/Documents/fams-laravel-backup/vendor/laravel/framework/src/Illuminate/Pipeline/Pipeline.php(209): Illuminate/Cookie/Middleware/AddQueuedCookiesToResponse->handle()
#28 C:/Users/marcj/Documents/fams-laravel-backup/vendor/laravel/framework/src/Illuminate/Cookie/Middleware/EncryptCookies.php(75): Illuminate/Pipeline/Pipeline->Illuminate/Pipeline/{closure}()
#29 C:/Users/marcj/Documents/fams-laravel-backup/vendor/laravel/framework/src/Illuminate/Pipeline/Pipeline.php(209): Illuminate/Cookie/Middleware/EncryptCookies->handle()
#30 C:/Users/marcj/Documents/fams-laravel-backup/vendor/laravel/framework/src/Illuminate/Pipeline/Pipeline.php(127): Illuminate/Pipeline/Pipeline->Illuminate/Pipeline/{closure}()
#31 C:/Users/marcj/Documents/fams-laravel-backup/vendor/laravel/framework/src/Illuminate/Routing/Router.php(807): Illuminate/Pipeline/Pipeline->then()
#32 C:/Users/marcj/Documents/fams-laravel-backup/vendor/laravel/framework/src/Illuminate/Routing/Router.php(786): Illuminate/Routing/Router->runRouteWithinStack()
#33 C:/Users/marcj/Documents/fams-laravel-backup/vendor/laravel/framework/src/Illuminate/Routing/Router.php(750): Illuminate/Routing/Router->runRoute()
#34 C:/Users/marcj/Documents/fams-laravel-backup/vendor/laravel/framework/src/Illuminate/Routing/Router.php(739): Illuminate/Routing/Router->dispatchToRoute()
#35 C:/Users/marcj/Documents/fams-laravel-backup/vendor/laravel/framework/src/Illuminate/Foundation/Http/Kernel.php(201): Illuminate/Routing/Router->dispatch()
#36 C:/Users/marcj/Documents/fams-laravel-backup/vendor/laravel/framework/src/Illuminate/Pipeline/Pipeline.php(170): Illuminate/Foundation/Http/Kernel->Illuminate/Foundation/Http/{closure}()
#37 C:/Users/marcj/Documents/fams-laravel-backup/vendor/laravel/framework/src/Illuminate/Foundation/Http/Middleware/TransformsRequest.php(21): Illuminate/Pipeline/Pipeline->Illuminate/Pipeline/{closure}()
#38 C:/Users/marcj/Documents/fams-laravel-backup/vendor/laravel/framework/src/Illuminate/Foundation/Http/Middleware/ConvertEmptyStringsToNull.php(31): Illuminate/Foundation/Http/Middleware/TransformsRequest->handle()
#39 C:/Users/marcj/Documents/fams-laravel-backup/vendor/laravel/framework/src/Illuminate/Pipeline/Pipeline.php(209): Illuminate/Foundation/Http/Middleware/ConvertEmptyStringsToNull->handle()
#40 C:/Users/marcj/Documents/fams-laravel-backup/vendor/laravel/framework/src/Illuminate/Foundation/Http/Middleware/TransformsRequest.php(21): Illuminate/Pipeline/Pipeline->Illuminate/Pipeline/{closure}()
#41 C:/Users/marcj/Documents/fams-laravel-backup/vendor/laravel/framework/src/Illuminate/Foundation/Http/Middleware/TrimStrings.php(51): Illuminate/Foundation/Http/Middleware/TransformsRequest->handle()
#42 C:/Users/marcj/Documents/fams-laravel-backup/vendor/laravel/framework/src/Illuminate/Pipeline/Pipeline.php(209): Illuminate/Foundation/Http/Middleware/TrimStrings->handle()
#43 C:/Users/marcj/Documents/fams-laravel-backup/vendor/laravel/framework/src/Illuminate/Http/Middleware/ValidatePostSize.php(27): Illuminate/Pipeline/Pipeline->Illuminate/Pipeline/{closure}()
#44 C:/Users/marcj/Documents/fams-laravel-backup/vendor/laravel/framework/src/Illuminate/Pipeline/Pipeline.php(209): Illuminate/Http/Middleware/ValidatePostSize->handle()
#45 C:/Users/marcj/Documents/fams-laravel-backup/vendor/laravel/framework/src/Illuminate/Foundation/Http/Middleware/PreventRequestsDuringMaintenance.php(110): Illuminate/Pipeline/Pipeline->Illuminate/Pipeline/{closure}()
#46 C:/Users/marcj/Documents/fams-laravel-backup/vendor/laravel/framework/src/Illuminate/Pipeline/Pipeline.php(209): Illuminate/Foundation/Http/Middleware/PreventRequestsDuringMaintenance->handle()
#47 C:/Users/marcj/Documents/fams-laravel-backup/vendor/laravel/framework/src/Illuminate/Http/Middleware/HandleCors.php(49): Illuminate/Pipeline/Pipeline->Illuminate/Pipeline/{closure}()
#48 C:/Users/marcj/Documents/fams-laravel-backup/vendor/laravel/framework/src/Illuminate/Pipeline/Pipeline.php(209): Illuminate/Http/Middleware/HandleCors->handle()
#49 C:/Users/marcj/Documents/fams-laravel-backup/vendor/laravel/framework/src/Illuminate/Http/Middleware/TrustProxies.php(58): Illuminate/Pipeline/Pipeline->Illuminate/Pipeline/{closure}()
#50 C:/Users/marcj/Documents/fams-laravel-backup/vendor/laravel/framework/src/Illuminate/Pipeline/Pipeline.php(209): Illuminate/Http/Middleware/TrustProxies->handle()
#51 C:/Users/marcj/Documents/fams-laravel-backup/vendor/laravel/framework/src/Illuminate/Foundation/Http/Middleware/InvokeDeferredCallbacks.php(22): Illuminate/Pipeline/Pipeline->Illuminate/Pipeline/{closure}()
#52 C:/Users/marcj/Documents/fams-laravel-backup/vendor/laravel/framework/src/Illuminate/Pipeline/Pipeline.php(209): Illuminate/Foundation/Http/Middleware/InvokeDeferredCallbacks->handle()
#53 C:/Users/marcj/Documents/fams-laravel-backup/vendor/laravel/framework/src/Illuminate/Pipeline/Pipeline.php(127): Illuminate/Pipeline/Pipeline->Illuminate/Pipeline/{closure}()
#54 C:/Users/marcj/Documents/fams-laravel-backup/vendor/laravel/framework/src/Illuminate/Foundation/Http/Kernel.php(176): Illuminate/Pipeline/Pipeline->then()
#55 C:/Users/marcj/Documents/fams-laravel-backup/vendor/laravel/framework/src/Illuminate/Foundation/Http/Kernel.php(145): Illuminate/Foundation/Http/Kernel->sendRequestThroughRouter()
#56 C:/Users/marcj/Documents/fams-laravel-backup/vendor/laravel/framework/src/Illuminate/Foundation/Application.php(1220): Illuminate/Foundation/Http/Kernel->handle()
#57 C:/Users/marcj/Documents/fams-laravel-backup/public/index.php(15): Illuminate/Foundation/Application->handleRequest()
#58 C:/Users/marcj/Documents/fams-laravel-backup/vendor/laravel/framework/src/Illuminate/Foundation/resources/server.php(23): require_once('...')
#59 {main}

[previous exception] [object] (Symfony\\Component\\Routing\\Exception\\RouteNotFoundException(code: 0): Route [register] not defined. at C:/Users/marcj/Documents/fams-laravel-backup/vendor/laravel/framework/src/Illuminate/Routing/UrlGenerator.php:517)
[stacktrace]
#0 C:/Users/marcj/Documents/fams-laravel-backup/vendor/laravel/framework/src/Illuminate/Foundation/helpers.php(853): Illuminate/Routing/UrlGenerator->route()
#1 C:/Users/marcj/Documents/fams-laravel-backup/storage/framework/views/7ba348dd5ad2be23e4da1a544b283e92.php(22): route()
#2 C:/Users/marcj/Documents/fams-laravel-backup/vendor/laravel/framework/src/Illuminate/Filesystem/Filesystem.php(123): require('...')
#3 C:/Users/marcj/Documents/fams-laravel-backup/vendor/laravel/framework/src/Illuminate/Filesystem/Filesystem.php(124): Illuminate/Filesystem/Filesystem::Illuminate/Filesystem/{closure}()
#4 C:/Users/marcj/Documents/fams-laravel-backup/vendor/laravel/framework/src/Illuminate/View/Engines/PhpEngine.php(58): Illuminate/Filesystem/Filesystem->getRequire()
#5 C:/Users/marcj/Documents/fams-laravel-backup/vendor/laravel/framework/src/Illuminate/View/Engines/CompilerEngine.php(75): Illuminate/View/Engines/PhpEngine->evaluatePath()
#6 C:/Users/marcj/Documents/fams-laravel-backup/vendor/laravel/framework/src/Illuminate/View/View.php(209): Illuminate/View/Engines/CompilerEngine->get()
#7 C:/Users/marcj/Documents/fams-laravel-backup/vendor/laravel/framework/src/Illuminate/View/View.php(192): Illuminate/View/View->getContents()
#8 C:/Users/marcj/Documents/fams-laravel-backup/vendor/laravel/framework/src/Illuminate/View/View.php(161): Illuminate/View/View->renderContents()
#9 C:/Users/marcj/Documents/fams-laravel-backup/vendor/laravel/framework/src/Illuminate/Http/Response.php(79): Illuminate/View/View->render()
#10 C:/Users/marcj/Documents/fams-laravel-backup/vendor/laravel/framework/src/Illuminate/Http/Response.php(35): Illuminate/Http/Response->setContent()
#11 C:/Users/marcj/Documents/fams-laravel-backup/vendor/laravel/framework/src/Illuminate/Routing/Router.php(920): Illuminate/Http/Response->__construct()
#12 C:/Users/marcj/Documents/fams-laravel-backup/vendor/laravel/framework/src/Illuminate/Routing/Router.php(887): Illuminate/Routing/Router::toResponse()
#13 C:/Users/marcj/Documents/fams-laravel-backup/vendor/laravel/framework/src/Illuminate/Routing/Router.php(807): Illuminate/Routing/Router->prepareResponse()
#14 C:/Users/marcj/Documents/fams-laravel-backup/vendor/laravel/framework/src/Illuminate/Pipeline/Pipeline.php(170): Illuminate/Routing/Router->Illuminate/Routing/{closure}()
#15 C:/Users/marcj/Documents/fams-laravel-backup/vendor/laravel/framework/src/Illuminate/Auth/Middleware/RedirectIfAuthenticated.php(35): Illuminate/Pipeline/Pipeline->Illuminate/Pipeline/{closure}()
#16 C:/Users/marcj/Documents/fams-laravel-backup/vendor/laravel/framework/src/Illuminate/Pipeline/Pipeline.php(209): Illuminate/Auth/Middleware/RedirectIfAuthenticated->handle()
#17 C:/Users/marcj/Documents/fams-laravel-backup/app/Http/Middleware/ForcePasswordChange.php(26): Illuminate/Pipeline/Pipeline->Illuminate/Pipeline/{closure}()
#18 C:/Users/marcj/Documents/fams-laravel-backup/vendor/laravel/framework/src/Illuminate/Pipeline/Pipeline.php(209): App/Http/Middleware/ForcePasswordChange->handle()
#19 C:/Users/marcj/Documents/fams-laravel-backup/app/Http/Middleware/EnsureActiveAccount.php(26): Illuminate/Pipeline/Pipeline->Illuminate/Pipeline/{closure}()
#20 C:/Users/marcj/Documents/fams-laravel-backup/vendor/laravel/framework/src/Illuminate/Pipeline/Pipeline.php(209): App/Http/Middleware/EnsureActiveAccount->handle()
#21 C:/Users/marcj/Documents/fams-laravel-backup/vendor/laravel/framework/src/Illuminate/Routing/Middleware/SubstituteBindings.php(51): Illuminate/Pipeline/Pipeline->Illuminate/Pipeline/{closure}()
#22 C:/Users/marcj/Documents/fams-laravel-backup/vendor/laravel/framework/src/Illuminate/Pipeline/Pipeline.php(209): Illuminate/Routing/Middleware/SubstituteBindings->handle()
#23 C:/Users/marcj/Documents/fams-laravel-backup/vendor/laravel/framework/src/Illuminate/Foundation/Http/Middleware/VerifyCsrfToken.php(88): Illuminate/Pipeline/Pipeline->Illuminate/Pipeline/{closure}()
#24 C:/Users/marcj/Documents/fams-laravel-backup/vendor/laravel/framework/src/Illuminate/Pipeline/Pipeline.php(209): Illuminate/Foundation/Http/Middleware/VerifyCsrfToken->handle()
#25 C:/Users/marcj/Documents/fams-laravel-backup/vendor/laravel/framework/src/Illuminate/View/Middleware/ShareErrorsFromSession.php(49): Illuminate/Pipeline/Pipeline->Illuminate/Pipeline/{closure}()
#26 C:/Users/marcj/Documents/fams-laravel-backup/vendor/laravel/framework/src/Illuminate/Pipeline/Pipeline.php(209): Illuminate/View/Middleware/ShareErrorsFromSession->handle()
#27 C:/Users/marcj/Documents/fams-laravel-backup/vendor/laravel/framework/src/Illuminate/Session/Middleware/StartSession.php(121): Illuminate/Pipeline/Pipeline->Illuminate/Pipeline/{closure}()
#28 C:/Users/marcj/Documents/fams-laravel-backup/vendor/laravel/framework/src/Illuminate/Session/Middleware/StartSession.php(64): Illuminate/Session/Middleware/StartSession->handleStatefulRequest()
#29 C:/Users/marcj/Documents/fams-laravel-backup/vendor/laravel/framework/src/Illuminate/Pipeline/Pipeline.php(209): Illuminate/Session/Middleware/StartSession->handle()
#30 C:/Users/marcj/Documents/fams-laravel-backup/vendor/laravel/framework/src/Illuminate/Cookie/Middleware/AddQueuedCookiesToResponse.php(37): Illuminate/Pipeline/Pipeline->Illuminate/Pipeline/{closure}()
#31 C:/Users/marcj/Documents/fams-laravel-backup/vendor/laravel/framework/src/Illuminate/Pipeline/Pipeline.php(209): Illuminate/Cookie/Middleware/AddQueuedCookiesToResponse->handle()
#32 C:/Users/marcj/Documents/fams-laravel-backup/vendor/laravel/framework/src/Illuminate/Cookie/Middleware/EncryptCookies.php(75): Illuminate/Pipeline/Pipeline->Illuminate/Pipeline/{closure}()
#33 C:/Users/marcj/Documents/fams-laravel-backup/vendor/laravel/framework/src/Illuminate/Pipeline/Pipeline.php(209): Illuminate/Cookie/Middleware/EncryptCookies->handle()
#34 C:/Users/marcj/Documents/fams-laravel-backup/vendor/laravel/framework/src/Illuminate/Pipeline/Pipeline.php(127): Illuminate/Pipeline/Pipeline->Illuminate/Pipeline/{closure}()
#35 C:/Users/marcj/Documents/fams-laravel-backup/vendor/laravel/framework/src/Illuminate/Routing/Router.php(807): Illuminate/Pipeline/Pipeline->then()
#36 C:/Users/marcj/Documents/fams-laravel-backup/vendor/laravel/framework/src/Illuminate/Routing/Router.php(786): Illuminate/Routing/Router->runRouteWithinStack()
#37 C:/Users/marcj/Documents/fams-laravel-backup/vendor/laravel/framework/src/Illuminate/Routing/Router.php(750): Illuminate/Routing/Router->runRoute()
#38 C:/Users/marcj/Documents/fams-laravel-backup/vendor/laravel/framework/src/Illuminate/Routing/Router.php(739): Illuminate/Routing/Router->dispatchToRoute()
#39 C:/Users/marcj/Documents/fams-laravel-backup/vendor/laravel/framework/src/Illuminate/Foundation/Http/Kernel.php(201): Illuminate/Routing/Router->dispatch()
#40 C:/Users/marcj/Documents/fams-laravel-backup/vendor/laravel/framework/src/Illuminate/Pipeline/Pipeline.php(170): Illuminate/Foundation/Http/Kernel->Illuminate/Foundation/Http/{closure}()
#41 C:/Users/marcj/Documents/fams-laravel-backup/vendor/laravel/framework/src/Illuminate/Foundation/Http/Middleware/TransformsRequest.php(21): Illuminate/Pipeline/Pipeline->Illuminate/Pipeline/{closure}()
#42 C:/Users/marcj/Documents/fams-laravel-backup/vendor/laravel/framework/src/Illuminate/Foundation/Http/Middleware/ConvertEmptyStringsToNull.php(31): Illuminate/Foundation/Http/Middleware/TransformsRequest->handle()
#43 C:/Users/marcj/Documents/fams-laravel-backup/vendor/laravel/framework/src/Illuminate/Pipeline/Pipeline.php(209): Illuminate/Foundation/Http/Middleware/ConvertEmptyStringsToNull->handle()
#44 C:/Users/marcj/Documents/fams-laravel-backup/vendor/laravel/framework/src/Illuminate/Foundation/Http/Middleware/TransformsRequest.php(21): Illuminate/Pipeline/Pipeline->Illuminate/Pipeline/{closure}()
#45 C:/Users/marcj/Documents/fams-laravel-backup/vendor/laravel/framework/src/Illuminate/Foundation/Http/Middleware/TrimStrings.php(51): Illuminate/Foundation/Http/Middleware/TransformsRequest->handle()
#46 C:/Users/marcj/Documents/fams-laravel-backup/vendor/laravel/framework/src/Illuminate/Pipeline/Pipeline.php(209): Illuminate/Foundation/Http/Middleware/TrimStrings->handle()
#47 C:/Users/marcj/Documents/fams-laravel-backup/vendor/laravel/framework/src/Illuminate/Http/Middleware/ValidatePostSize.php(27): Illuminate/Pipeline/Pipeline->Illuminate/Pipeline/{closure}()
#48 C:/Users/marcj/Documents/fams-laravel-backup/vendor/laravel/framework/src/Illuminate/Pipeline/Pipeline.php(209): Illuminate/Http/Middleware/ValidatePostSize->handle()
#49 C:/Users/marcj/Documents/fams-laravel-backup/vendor/laravel/framework/src/Illuminate/Foundation/Http/Middleware/PreventRequestsDuringMaintenance.php(110): Illuminate/Pipeline/Pipeline->Illuminate/Pipeline/{closure}()
#50 C:/Users/marcj/Documents/fams-laravel-backup/vendor/laravel/framework/src/Illuminate/Pipeline/Pipeline.php(209): Illuminate/Foundation/Http/Middleware/PreventRequestsDuringMaintenance->handle()
#51 C:/Users/marcj/Documents/fams-laravel-backup/vendor/laravel/framework/src/Illuminate/Http/Middleware/HandleCors.php(49): Illuminate/Pipeline/Pipeline->Illuminate/Pipeline/{closure}()
#52 C:/Users/marcj/Documents/fams-laravel-backup/vendor/laravel/framework/src/Illuminate/Pipeline/Pipeline.php(209): Illuminate/Http/Middleware/HandleCors->handle()
#53 C:/Users/marcj/Documents/fams-laravel-backup/vendor/laravel/framework/src/Illuminate/Http/Middleware/TrustProxies.php(58): Illuminate/Pipeline/Pipeline->Illuminate/Pipeline/{closure}()
#54 C:/Users/marcj/Documents/fams-laravel-backup/vendor/laravel/framework/src/Illuminate/Pipeline/Pipeline.php(209): Illuminate/Http/Middleware/TrustProxies->handle()
#55 C:/Users/marcj/Documents/fams-laravel-backup/vendor/laravel/framework/src/Illuminate/Foundation/Http/Middleware/InvokeDeferredCallbacks.php(22): Illuminate/Pipeline/Pipeline->Illuminate/Pipeline/{closure}()
#56 C:/Users/marcj/Documents/fams-laravel-backup/vendor/laravel/framework/src/Illuminate/Pipeline/Pipeline.php(209): Illuminate/Foundation/Http/Middleware/InvokeDeferredCallbacks->handle()
#57 C:/Users/marcj/Documents/fams-laravel-backup/vendor/laravel/framework/src/Illuminate/Pipeline/Pipeline.php(127): Illuminate/Pipeline/Pipeline->Illuminate/Pipeline/{closure}()
#58 C:/Users/marcj/Documents/fams-laravel-backup/vendor/laravel/framework/src/Illuminate/Foundation/Http/Kernel.php(176): Illuminate/Pipeline/Pipeline->then()
#59 C:/Users/marcj/Documents/fams-laravel-backup/vendor/laravel/framework/src/Illuminate/Foundation/Http/Kernel.php(145): Illuminate/Foundation/Http/Kernel->sendRequestThroughRouter()
#60 C:/Users/marcj/Documents/fams-laravel-backup/vendor/laravel/framework/src/Illuminate/Foundation/Application.php(1220): Illuminate/Foundation/Http/Kernel->handle()
#61 C:/Users/marcj/Documents/fams-laravel-backup/public/index.php(15): Illuminate/Foundation/Application->handleRequest()
#62 C:/Users/marcj/Documents/fams-laravel-backup/vendor/laravel/framework/src/Illuminate/Foundation/resources/server.php(23): require_once('...')
#63 {main}
"} 
[2026-08-30 05:52:29] local.ERROR: Route [register] not defined. (View: C:\Users\marcj\Documents\fams-laravel-backup\resources\views\auth\login.blade.php) {"exception":"[object] (Illuminate\\View\\ViewException(code: 0): Route [register] not defined. (View: C:\\Users\\marcj\\Documents\\fams-laravel-backup\\resources\\views\\auth\\login.blade.php) at C:/Users/marcj/Documents/fams-laravel-backup/vendor/laravel/framework/src/Illuminate/Routing/UrlGenerator.php:517)
[stacktrace]
#0 C:/Users/marcj/Documents/fams-laravel-backup/vendor/laravel/framework/src/Illuminate/View/Engines/PhpEngine.php(60): Illuminate/View/Engines/CompilerEngine->handleViewException()
#1 C:/Users/marcj/Documents/fams-laravel-backup/vendor/laravel/framework/src/Illuminate/View/Engines/CompilerEngine.php(75): Illuminate/View/Engines/PhpEngine->evaluatePath()
#2 C:/Users/marcj/Documents/fams-laravel-backup/vendor/laravel/framework/src/Illuminate/View/View.php(209): Illuminate/View/Engines/CompilerEngine->get()
#3 C:/Users/marcj/Documents/fams-laravel-backup/vendor/laravel/framework/src/Illuminate/View/View.php(192): Illuminate/View/View->getContents()
#4 C:/Users/marcj/Documents/fams-laravel-backup/vendor/laravel/framework/src/Illuminate/View/View.php(161): Illuminate/View/View->renderContents()
#5 C:/Users/marcj/Documents/fams-laravel-backup/vendor/laravel/framework/src/Illuminate/Http/Response.php(79): Illuminate/View/View->render()
#6 C:/Users/marcj/Documents/fams-laravel-backup/vendor/laravel/framework/src/Illuminate/Http/Response.php(35): Illuminate/Http/Response->setContent()
#7 C:/Users/marcj/Documents/fams-laravel-backup/vendor/laravel/framework/src/Illuminate/Routing/Router.php(920): Illuminate/Http/Response->__construct()
#8 C:/Users/marcj/Documents/fams-laravel-backup/vendor/laravel/framework/src/Illuminate/Routing/Router.php(887): Illuminate/Routing/Router::toResponse()
#9 C:/Users/marcj/Documents/fams-laravel-backup/vendor/laravel/framework/src/Illuminate/Routing/Router.php(807): Illuminate/Routing/Router->prepareResponse()
#10 C:/Users/marcj/Documents/fams-laravel-backup/vendor/laravel/framework/src/Illuminate/Pipeline/Pipeline.php(170): Illuminate/Routing/Router->Illuminate/Routing/{closure}()
#11 C:/Users/marcj/Documents/fams-laravel-backup/vendor/laravel/framework/src/Illuminate/Auth/Middleware/RedirectIfAuthenticated.php(35): Illuminate/Pipeline/Pipeline->Illuminate/Pipeline/{closure}()
#12 C:/Users/marcj/Documents/fams-laravel-backup/vendor/laravel/framework/src/Illuminate/Pipeline/Pipeline.php(209): Illuminate/Auth/Middleware/RedirectIfAuthenticated->handle()
#13 C:/Users/marcj/Documents/fams-laravel-backup/app/Http/Middleware/ForcePasswordChange.php(26): Illuminate/Pipeline/Pipeline->Illuminate/Pipeline/{closure}()
#14 C:/Users/marcj/Documents/fams-laravel-backup/vendor/laravel/framework/src/Illuminate/Pipeline/Pipeline.php(209): App/Http/Middleware/ForcePasswordChange->handle()
#15 C:/Users/marcj/Documents/fams-laravel-backup/app/Http/Middleware/EnsureActiveAccount.php(26): Illuminate/Pipeline/Pipeline->Illuminate/Pipeline/{closure}()
#16 C:/Users/marcj/Documents/fams-laravel-backup/vendor/laravel/framework/src/Illuminate/Pipeline/Pipeline.php(209): App/Http/Middleware/EnsureActiveAccount->handle()
#17 C:/Users/marcj/Documents/fams-laravel-backup/vendor/laravel/framework/src/Illuminate/Routing/Middleware/SubstituteBindings.php(51): Illuminate/Pipeline/Pipeline->Illuminate/Pipeline/{closure}()
#18 C:/Users/marcj/Documents/fams-laravel-backup/vendor/laravel/framework/src/Illuminate/Pipeline/Pipeline.php(209): Illuminate/Routing/Middleware/SubstituteBindings->handle()
#19 C:/Users/marcj/Documents/fams-laravel-backup/vendor/laravel/framework/src/Illuminate/Foundation/Http/Middleware/VerifyCsrfToken.php(88): Illuminate/Pipeline/Pipeline->Illuminate/Pipeline/{closure}()
#20 C:/Users/marcj/Documents/fams-laravel-backup/vendor/laravel/framework/src/Illuminate/Pipeline/Pipeline.php(209): Illuminate/Foundation/Http/Middleware/VerifyCsrfToken->handle()
#21 C:/Users/marcj/Documents/fams-laravel-backup/vendor/laravel/framework/src/Illuminate/View/Middleware/ShareErrorsFromSession.php(49): Illuminate/Pipeline/Pipeline->Illuminate/Pipeline/{closure}()
#22 C:/Users/marcj/Documents/fams-laravel-backup/vendor/laravel/framework/src/Illuminate/Pipeline/Pipeline.php(209): Illuminate/View/Middleware/ShareErrorsFromSession->handle()
#23 C:/Users/marcj/Documents/fams-laravel-backup/vendor/laravel/framework/src/Illuminate/Session/Middleware/StartSession.php(121): Illuminate/Pipeline/Pipeline->Illuminate/Pipeline/{closure}()
#24 C:/Users/marcj/Documents/fams-laravel-backup/vendor/laravel/framework/src/Illuminate/Session/Middleware/StartSession.php(64): Illuminate/Session/Middleware/StartSession->handleStatefulRequest()
#25 C:/Users/marcj/Documents/fams-laravel-backup/vendor/laravel/framework/src/Illuminate/Pipeline/Pipeline.php(209): Illuminate/Session/Middleware/StartSession->handle()
#26 C:/Users/marcj/Documents/fams-laravel-backup/vendor/laravel/framework/src/Illuminate/Cookie/Middleware/AddQueuedCookiesToResponse.php(37): Illuminate/Pipeline/Pipeline->Illuminate/Pipeline/{closure}()
#27 C:/Users/marcj/Documents/fams-laravel-backup/vendor/laravel/framework/src/Illuminate/Pipeline/Pipeline.php(209): Illuminate/Cookie/Middleware/AddQueuedCookiesToResponse->handle()
#28 C:/Users/marcj/Documents/fams-laravel-backup/vendor/laravel/framework/src/Illuminate/Cookie/Middleware/EncryptCookies.php(75): Illuminate/Pipeline/Pipeline->Illuminate/Pipeline/{closure}()
#29 C:/Users/marcj/Documents/fams-laravel-backup/vendor/laravel/framework/src/Illuminate/Pipeline/Pipeline.php(209): Illuminate/Cookie/Middleware/EncryptCookies->handle()
#30 C:/Users/marcj/Documents/fams-laravel-backup/vendor/laravel/framework/src/Illuminate/Pipeline/Pipeline.php(127): Illuminate/Pipeline/Pipeline->Illuminate/Pipeline/{closure}()
#31 C:/Users/marcj/Documents/fams-laravel-backup/vendor/laravel/framework/src/Illuminate/Routing/Router.php(807): Illuminate/Pipeline/Pipeline->then()
#32 C:/Users/marcj/Documents/fams-laravel-backup/vendor/laravel/framework/src/Illuminate/Routing/Router.php(786): Illuminate/Routing/Router->runRouteWithinStack()
#33 C:/Users/marcj/Documents/fams-laravel-backup/vendor/laravel/framework/src/Illuminate/Routing/Router.php(750): Illuminate/Routing/Router->runRoute()
#34 C:/Users/marcj/Documents/fams-laravel-backup/vendor/laravel/framework/src/Illuminate/Routing/Router.php(739): Illuminate/Routing/Router->dispatchToRoute()
#35 C:/Users/marcj/Documents/fams-laravel-backup/vendor/laravel/framework/src/Illuminate/Foundation/Http/Kernel.php(201): Illuminate/Routing/Router->dispatch()
#36 C:/Users/marcj/Documents/fams-laravel-backup/vendor/laravel/framework/src/Illuminate/Pipeline/Pipeline.php(170): Illuminate/Foundation/Http/Kernel->Illuminate/Foundation/Http/{closure}()
#37 C:/Users/marcj/Documents/fams-laravel-backup/vendor/laravel/framework/src/Illuminate/Foundation/Http/Middleware/TransformsRequest.php(21): Illuminate/Pipeline/Pipeline->Illuminate/Pipeline/{closure}()
#38 C:/Users/marcj/Documents/fams-laravel-backup/vendor/laravel/framework/src/Illuminate/Foundation/Http/Middleware/ConvertEmptyStringsToNull.php(31): Illuminate/Foundation/Http/Middleware/TransformsRequest->handle()
#39 C:/Users/marcj/Documents/fams-laravel-backup/vendor/laravel/framework/src/Illuminate/Pipeline/Pipeline.php(209): Illuminate/Foundation/Http/Middleware/ConvertEmptyStringsToNull->handle()
#40 C:/Users/marcj/Documents/fams-laravel-backup/vendor/laravel/framework/src/Illuminate/Foundation/Http/Middleware/TransformsRequest.php(21): Illuminate/Pipeline/Pipeline->Illuminate/Pipeline/{closure}()
#41 C:/Users/marcj/Documents/fams-laravel-backup/vendor/laravel/framework/src/Illuminate/Foundation/Http/Middleware/TrimStrings.php(51): Illuminate/Foundation/Http/Middleware/TransformsRequest->handle()
#42 C:/Users/marcj/Documents/fams-laravel-backup/vendor/laravel/framework/src/Illuminate/Pipeline/Pipeline.php(209): Illuminate/Foundation/Http/Middleware/TrimStrings->handle()
#43 C:/Users/marcj/Documents/fams-laravel-backup/vendor/laravel/framework/src/Illuminate/Http/Middleware/ValidatePostSize.php(27): Illuminate/Pipeline/Pipeline->Illuminate/Pipeline/{closure}()
#44 C:/Users/marcj/Documents/fams-laravel-backup/vendor/laravel/framework/src/Illuminate/Pipeline/Pipeline.php(209): Illuminate/Http/Middleware/ValidatePostSize->handle()
#45 C:/Users/marcj/Documents/fams-laravel-backup/vendor/laravel/framework/src/Illuminate/Foundation/Http/Middleware/PreventRequestsDuringMaintenance.php(110): Illuminate/Pipeline/Pipeline->Illuminate/Pipeline/{closure}()
#46 C:/Users/marcj/Documents/fams-laravel-backup/vendor/laravel/framework/src/Illuminate/Pipeline/Pipeline.php(209): Illuminate/Foundation/Http/Middleware/PreventRequestsDuringMaintenance->handle()
#47 C:/Users/marcj/Documents/fams-laravel-backup/vendor/laravel/framework/src/Illuminate/Http/Middleware/HandleCors.php(49): Illuminate/Pipeline/Pipeline->Illuminate/Pipeline/{closure}()
#48 C:/Users/marcj/Documents/fams-laravel-backup/vendor/laravel/framework/src/Illuminate/Pipeline/Pipeline.php(209): Illuminate/Http/Middleware/HandleCors->handle()
#49 C:/Users/marcj/Documents/fams-laravel-backup/vendor/laravel/framework/src/Illuminate/Http/Middleware/TrustProxies.php(58): Illuminate/Pipeline/Pipeline->Illuminate/Pipeline/{closure}()
#50 C:/Users/marcj/Documents/fams-laravel-backup/vendor/laravel/framework/src/Illuminate/Pipeline/Pipeline.php(209): Illuminate/Http/Middleware/TrustProxies->handle()
#51 C:/Users/marcj/Documents/fams-laravel-backup/vendor/laravel/framework/src/Illuminate/Foundation/Http/Middleware/InvokeDeferredCallbacks.php(22): Illuminate/Pipeline/Pipeline->Illuminate/Pipeline/{closure}()
#52 C:/Users/marcj/Documents/fams-laravel-backup/vendor/laravel/framework/src/Illuminate/Pipeline/Pipeline.php(209): Illuminate/Foundation/Http/Middleware/InvokeDeferredCallbacks->handle()
#53 C:/Users/marcj/Documents/fams-laravel-backup/vendor/laravel/framework/src/Illuminate/Pipeline/Pipeline.php(127): Illuminate/Pipeline/Pipeline->Illuminate/Pipeline/{closure}()
#54 C:/Users/marcj/Documents/fams-laravel-backup/vendor/laravel/framework/src/Illuminate/Foundation/Http/Kernel.php(176): Illuminate/Pipeline/Pipeline->then()
#55 C:/Users/marcj/Documents/fams-laravel-backup/vendor/laravel/framework/src/Illuminate/Foundation/Http/Kernel.php(145): Illuminate/Foundation/Http/Kernel->sendRequestThroughRouter()
#56 C:/Users/marcj/Documents/fams-laravel-backup/vendor/laravel/framework/src/Illuminate/Foundation/Application.php(1220): Illuminate/Foundation/Http/Kernel->handle()
#57 C:/Users/marcj/Documents/fams-laravel-backup/public/index.php(15): Illuminate/Foundation/Application->handleRequest()
#58 C:/Users/marcj/Documents/fams-laravel-backup/vendor/laravel/framework/src/Illuminate/Foundation/resources/server.php(23): require_once('...')
#59 {main}

[previous exception] [object] (Symfony\\Component\\Routing\\Exception\\RouteNotFoundException(code: 0): Route [register] not defined. at C:/Users/marcj/Documents/fams-laravel-backup/vendor/laravel/framework/src/Illuminate/Routing/UrlGenerator.php:517)
[stacktrace]
#0 C:/Users/marcj/Documents/fams-laravel-backup/vendor/laravel/framework/src/Illuminate/Foundation/helpers.php(853): Illuminate/Routing/UrlGenerator->route()
#1 C:/Users/marcj/Documents/fams-laravel-backup/storage/framework/views/7ba348dd5ad2be23e4da1a544b283e92.php(22): route()
#2 C:/Users/marcj/Documents/fams-laravel-backup/vendor/laravel/framework/src/Illuminate/Filesystem/Filesystem.php(123): require('...')
#3 C:/Users/marcj/Documents/fams-laravel-backup/vendor/laravel/framework/src/Illuminate/Filesystem/Filesystem.php(124): Illuminate/Filesystem/Filesystem::Illuminate/Filesystem/{closure}()
#4 C:/Users/marcj/Documents/fams-laravel-backup/vendor/laravel/framework/src/Illuminate/View/Engines/PhpEngine.php(58): Illuminate/Filesystem/Filesystem->getRequire()
#5 C:/Users/marcj/Documents/fams-laravel-backup/vendor/laravel/framework/src/Illuminate/View/Engines/CompilerEngine.php(75): Illuminate/View/Engines/PhpEngine->evaluatePath()
#6 C:/Users/marcj/Documents/fams-laravel-backup/vendor/laravel/framework/src/Illuminate/View/View.php(209): Illuminate/View/Engines/CompilerEngine->get()
#7 C:/Users/marcj/Documents/fams-laravel-backup/vendor/laravel/framework/src/Illuminate/View/View.php(192): Illuminate/View/View->getContents()
#8 C:/Users/marcj/Documents/fams-laravel-backup/vendor/laravel/framework/src/Illuminate/View/View.php(161): Illuminate/View/View->renderContents()
#9 C:/Users/marcj/Documents/fams-laravel-backup/vendor/laravel/framework/src/Illuminate/Http/Response.php(79): Illuminate/View/View->render()
#10 C:/Users/marcj/Documents/fams-laravel-backup/vendor/laravel/framework/src/Illuminate/Http/Response.php(35): Illuminate/Http/Response->setContent()
#11 C:/Users/marcj/Documents/fams-laravel-backup/vendor/laravel/framework/src/Illuminate/Routing/Router.php(920): Illuminate/Http/Response->__construct()
#12 C:/Users/marcj/Documents/fams-laravel-backup/vendor/laravel/framework/src/Illuminate/Routing/Router.php(887): Illuminate/Routing/Router::toResponse()
#13 C:/Users/marcj/Documents/fams-laravel-backup/vendor/laravel/framework/src/Illuminate/Routing/Router.php(807): Illuminate/Routing/Router->prepareResponse()
#14 C:/Users/marcj/Documents/fams-laravel-backup/vendor/laravel/framework/src/Illuminate/Pipeline/Pipeline.php(170): Illuminate/Routing/Router->Illuminate/Routing/{closure}()
#15 C:/Users/marcj/Documents/fams-laravel-backup/vendor/laravel/framework/src/Illuminate/Auth/Middleware/RedirectIfAuthenticated.php(35): Illuminate/Pipeline/Pipeline->Illuminate/Pipeline/{closure}()
#16 C:/Users/marcj/Documents/fams-laravel-backup/vendor/laravel/framework/src/Illuminate/Pipeline/Pipeline.php(209): Illuminate/Auth/Middleware/RedirectIfAuthenticated->handle()
#17 C:/Users/marcj/Documents/fams-laravel-backup/app/Http/Middleware/ForcePasswordChange.php(26): Illuminate/Pipeline/Pipeline->Illuminate/Pipeline/{closure}()
#18 C:/Users/marcj/Documents/fams-laravel-backup/vendor/laravel/framework/src/Illuminate/Pipeline/Pipeline.php(209): App/Http/Middleware/ForcePasswordChange->handle()
#19 C:/Users/marcj/Documents/fams-laravel-backup/app/Http/Middleware/EnsureActiveAccount.php(26): Illuminate/Pipeline/Pipeline->Illuminate/Pipeline/{closure}()
#20 C:/Users/marcj/Documents/fams-laravel-backup/vendor/laravel/framework/src/Illuminate/Pipeline/Pipeline.php(209): App/Http/Middleware/EnsureActiveAccount->handle()
#21 C:/Users/marcj/Documents/fams-laravel-backup/vendor/laravel/framework/src/Illuminate/Routing/Middleware/SubstituteBindings.php(51): Illuminate/Pipeline/Pipeline->Illuminate/Pipeline/{closure}()
#22 C:/Users/marcj/Documents/fams-laravel-backup/vendor/laravel/framework/src/Illuminate/Pipeline/Pipeline.php(209): Illuminate/Routing/Middleware/SubstituteBindings->handle()
#23 C:/Users/marcj/Documents/fams-laravel-backup/vendor/laravel/framework/src/Illuminate/Foundation/Http/Middleware/VerifyCsrfToken.php(88): Illuminate/Pipeline/Pipeline->Illuminate/Pipeline/{closure}()
#24 C:/Users/marcj/Documents/fams-laravel-backup/vendor/laravel/framework/src/Illuminate/Pipeline/Pipeline.php(209): Illuminate/Foundation/Http/Middleware/VerifyCsrfToken->handle()
#25 C:/Users/marcj/Documents/fams-laravel-backup/vendor/laravel/framework/src/Illuminate/View/Middleware/ShareErrorsFromSession.php(49): Illuminate/Pipeline/Pipeline->Illuminate/Pipeline/{closure}()
#26 C:/Users/marcj/Documents/fams-laravel-backup/vendor/laravel/framework/src/Illuminate/Pipeline/Pipeline.php(209): Illuminate/View/Middleware/ShareErrorsFromSession->handle()
#27 C:/Users/marcj/Documents/fams-laravel-backup/vendor/laravel/framework/src/Illuminate/Session/Middleware/StartSession.php(121): Illuminate/Pipeline/Pipeline->Illuminate/Pipeline/{closure}()
#28 C:/Users/marcj/Documents/fams-laravel-backup/vendor/laravel/framework/src/Illuminate/Session/Middleware/StartSession.php(64): Illuminate/Session/Middleware/StartSession->handleStatefulRequest()
#29 C:/Users/marcj/Documents/fams-laravel-backup/vendor/laravel/framework/src/Illuminate/Pipeline/Pipeline.php(209): Illuminate/Session/Middleware/StartSession->handle()
#30 C:/Users/marcj/Documents/fams-laravel-backup/vendor/laravel/framework/src/Illuminate/Cookie/Middleware/AddQueuedCookiesToResponse.php(37): Illuminate/Pipeline/Pipeline->Illuminate/Pipeline/{closure}()
#31 C:/Users/marcj/Documents/fams-laravel-backup/vendor/laravel/framework/src/Illuminate/Pipeline/Pipeline.php(209): Illuminate/Cookie/Middleware/AddQueuedCookiesToResponse->handle()
#32 C:/Users/marcj/Documents/fams-laravel-backup/vendor/laravel/framework/src/Illuminate/Cookie/Middleware/EncryptCookies.php(75): Illuminate/Pipeline/Pipeline->Illuminate/Pipeline/{closure}()
#33 C:/Users/marcj/Documents/fams-laravel-backup/vendor/laravel/framework/src/Illuminate/Pipeline/Pipeline.php(209): Illuminate/Cookie/Middleware/EncryptCookies->handle()
#34 C:/Users/marcj/Documents/fams-laravel-backup/vendor/laravel/framework/src/Illuminate/Pipeline/Pipeline.php(127): Illuminate/Pipeline/Pipeline->Illuminate/Pipeline/{closure}()
#35 C:/Users/marcj/Documents/fams-laravel-backup/vendor/laravel/framework/src/Illuminate/Routing/Router.php(807): Illuminate/Pipeline/Pipeline->then()
#36 C:/Users/marcj/Documents/fams-laravel-backup/vendor/laravel/framework/src/Illuminate/Routing/Router.php(786): Illuminate/Routing/Router->runRouteWithinStack()
#37 C:/Users/marcj/Documents/fams-laravel-backup/vendor/laravel/framework/src/Illuminate/Routing/Router.php(750): Illuminate/Routing/Router->runRoute()
#38 C:/Users/marcj/Documents/fams-laravel-backup/vendor/laravel/framework/src/Illuminate/Routing/Router.php(739): Illuminate/Routing/Router->dispatchToRoute()
#39 C:/Users/marcj/Documents/fams-laravel-backup/vendor/laravel/framework/src/Illuminate/Foundation/Http/Kernel.php(201): Illuminate/Routing/Router->dispatch()
#40 C:/Users/marcj/Documents/fams-laravel-backup/vendor/laravel/framework/src/Illuminate/Pipeline/Pipeline.php(170): Illuminate/Foundation/Http/Kernel->Illuminate/Foundation/Http/{closure}()
#41 C:/Users/marcj/Documents/fams-laravel-backup/vendor/laravel/framework/src/Illuminate/Foundation/Http/Middleware/TransformsRequest.php(21): Illuminate/Pipeline/Pipeline->Illuminate/Pipeline/{closure}()
#42 C:/Users/marcj/Documents/fams-laravel-backup/vendor/laravel/framework/src/Illuminate/Foundation/Http/Middleware/ConvertEmptyStringsToNull.php(31): Illuminate/Foundation/Http/Middleware/TransformsRequest->handle()
#43 C:/Users/marcj/Documents/fams-laravel-backup/vendor/laravel/framework/src/Illuminate/Pipeline/Pipeline.php(209): Illuminate/Foundation/Http/Middleware/ConvertEmptyStringsToNull->handle()
#44 C:/Users/marcj/Documents/fams-laravel-backup/vendor/laravel/framework/src/Illuminate/Foundation/Http/Middleware/TransformsRequest.php(21): Illuminate/Pipeline/Pipeline->Illuminate/Pipeline/{closure}()
#45 C:/Users/marcj/Documents/fams-laravel-backup/vendor/laravel/framework/src/Illuminate/Foundation/Http/Middleware/TrimStrings.php(51): Illuminate/Foundation/Http/Middleware/TransformsRequest->handle()
#46 C:/Users/marcj/Documents/fams-laravel-backup/vendor/laravel/framework/src/Illuminate/Pipeline/Pipeline.php(209): Illuminate/Foundation/Http/Middleware/TrimStrings->handle()
#47 C:/Users/marcj/Documents/fams-laravel-backup/vendor/laravel/framework/src/Illuminate/Http/Middleware/ValidatePostSize.php(27): Illuminate/Pipeline/Pipeline->Illuminate/Pipeline/{closure}()
#48 C:/Users/marcj/Documents/fams-laravel-backup/vendor/laravel/framework/src/Illuminate/Pipeline/Pipeline.php(209): Illuminate/Http/Middleware/ValidatePostSize->handle()
#49 C:/Users/marcj/Documents/fams-laravel-backup/vendor/laravel/framework/src/Illuminate/Foundation/Http/Middleware/PreventRequestsDuringMaintenance.php(110): Illuminate/Pipeline/Pipeline->Illuminate/Pipeline/{closure}()
#50 C:/Users/marcj/Documents/fams-laravel-backup/vendor/laravel/framework/src/Illuminate/Pipeline/Pipeline.php(209): Illuminate/Foundation/Http/Middleware/PreventRequestsDuringMaintenance->handle()
#51 C:/Users/marcj/Documents/fams-laravel-backup/vendor/laravel/framework/src/Illuminate/Http/Middleware/HandleCors.php(49): Illuminate/Pipeline/Pipeline->Illuminate/Pipeline/{closure}()
#52 C:/Users/marcj/Documents/fams-laravel-backup/vendor/laravel/framework/src/Illuminate/Pipeline/Pipeline.php(209): Illuminate/Http/Middleware/HandleCors->handle()
#53 C:/Users/marcj/Documents/fams-laravel-backup/vendor/laravel/framework/src/Illuminate/Http/Middleware/TrustProxies.php(58): Illuminate/Pipeline/Pipeline->Illuminate/Pipeline/{closure}()
#54 C:/Users/marcj/Documents/fams-laravel-backup/vendor/laravel/framework/src/Illuminate/Pipeline/Pipeline.php(209): Illuminate/Http/Middleware/TrustProxies->handle()
#55 C:/Users/marcj/Documents/fams-laravel-backup/vendor/laravel/framework/src/Illuminate/Foundation/Http/Middleware/InvokeDeferredCallbacks.php(22): Illuminate/Pipeline/Pipeline->Illuminate/Pipeline/{closure}()
#56 C:/Users/marcj/Documents/fams-laravel-backup/vendor/laravel/framework/src/Illuminate/Pipeline/Pipeline.php(209): Illuminate/Foundation/Http/Middleware/InvokeDeferredCallbacks->handle()
#57 C:/Users/marcj/Documents/fams-laravel-backup/vendor/laravel/framework/src/Illuminate/Pipeline/Pipeline.php(127): Illuminate/Pipeline/Pipeline->Illuminate/Pipeline/{closure}()
#58 C:/Users/marcj/Documents/fams-laravel-backup/vendor/laravel/framework/src/Illuminate/Foundation/Http/Kernel.php(176): Illuminate/Pipeline/Pipeline->then()
#59 C:/Users/marcj/Documents/fams-laravel-backup/vendor/laravel/framework/src/Illuminate/Foundation/Http/Kernel.php(145): Illuminate/Foundation/Http/Kernel->sendRequestThroughRouter()
#60 C:/Users/marcj/Documents/fams-laravel-backup/vendor/laravel/framework/src/Illuminate/Foundation/Application.php(1220): Illuminate/Foundation/Http/Kernel->handle()
#61 C:/Users/marcj/Documents/fams-laravel-backup/public/index.php(15): Illuminate/Foundation/Application->handleRequest()
#62 C:/Users/marcj/Documents/fams-laravel-backup/vendor/laravel/framework/src/Illuminate/Foundation/resources/server.php(23): require_once('...')
#63 {main}
"} 
[2026-08-30 05:52:50] local.ERROR: Maximum execution time of 30 seconds exceeded {"exception":"[object] (Symfony\\Component\\ErrorHandler\\Error\\FatalError(code: 0): Maximum execution time of 30 seconds exceeded at C:/Users/marcj/Documents/fams-laravel-backup/vendor/laravel/framework/src/Illuminate/Foundation/Exceptions/Renderer/Exception.php:112)
[stacktrace]
#0 {main}
"} 
[2026-08-30 05:59:01] local.ERROR: Route [register] not defined. (View: C:\Users\marcj\Documents\fams-laravel-backup\resources\views\auth\login.blade.php) {"exception":"[object] (Illuminate\\View\\ViewException(code: 0): Route [register] not defined. (View: C:\\Users\\marcj\\Documents\\fams-laravel-backup\\resources\\views\\auth\\login.blade.php) at C:/Users/marcj/Documents/fams-laravel-backup/vendor/laravel/framework/src/Illuminate/Routing/UrlGenerator.php:517)
[stacktrace]
#0 C:/Users/marcj/Documents/fams-laravel-backup/vendor/laravel/framework/src/Illuminate/View/Engines/PhpEngine.php(60): Illuminate/View/Engines/CompilerEngine->handleViewException()
#1 C:/Users/marcj/Documents/fams-laravel-backup/vendor/laravel/framework/src/Illuminate/View/Engines/CompilerEngine.php(75): Illuminate/View/Engines/PhpEngine->evaluatePath()
#2 C:/Users/marcj/Documents/fams-laravel-backup/vendor/laravel/framework/src/Illuminate/View/View.php(209): Illuminate/View/Engines/CompilerEngine->get()
#3 C:/Users/marcj/Documents/fams-laravel-backup/vendor/laravel/framework/src/Illuminate/View/View.php(192): Illuminate/View/View->getContents()
#4 C:/Users/marcj/Documents/fams-laravel-backup/vendor/laravel/framework/src/Illuminate/View/View.php(161): Illuminate/View/View->renderContents()
#5 C:/Users/marcj/Documents/fams-laravel-backup/vendor/laravel/framework/src/Illuminate/Http/Response.php(79): Illuminate/View/View->render()
#6 C:/Users/marcj/Documents/fams-laravel-backup/vendor/laravel/framework/src/Illuminate/Http/Response.php(35): Illuminate/Http/Response->setContent()
#7 C:/Users/marcj/Documents/fams-laravel-backup/vendor/laravel/framework/src/Illuminate/Routing/Router.php(920): Illuminate/Http/Response->__construct()
#8 C:/Users/marcj/Documents/fams-laravel-backup/vendor/laravel/framework/src/Illuminate/Routing/Router.php(887): Illuminate/Routing/Router::toResponse()
#9 C:/Users/marcj/Documents/fams-laravel-backup/vendor/laravel/framework/src/Illuminate/Routing/Router.php(807): Illuminate/Routing/Router->prepareResponse()
#10 C:/Users/marcj/Documents/fams-laravel-backup/vendor/laravel/framework/src/Illuminate/Pipeline/Pipeline.php(170): Illuminate/Routing/Router->Illuminate/Routing/{closure}()
#11 C:/Users/marcj/Documents/fams-laravel-backup/vendor/laravel/framework/src/Illuminate/Auth/Middleware/RedirectIfAuthenticated.php(35): Illuminate/Pipeline/Pipeline->Illuminate/Pipeline/{closure}()
#12 C:/Users/marcj/Documents/fams-laravel-backup/vendor/laravel/framework/src/Illuminate/Pipeline/Pipeline.php(209): Illuminate/Auth/Middleware/RedirectIfAuthenticated->handle()
#13 C:/Users/marcj/Documents/fams-laravel-backup/app/Http/Middleware/ForcePasswordChange.php(26): Illuminate/Pipeline/Pipeline->Illuminate/Pipeline/{closure}()
#14 C:/Users/marcj/Documents/fams-laravel-backup/vendor/laravel/framework/src/Illuminate/Pipeline/Pipeline.php(209): App/Http/Middleware/ForcePasswordChange->handle()
#15 C:/Users/marcj/Documents/fams-laravel-backup/app/Http/Middleware/EnsureActiveAccount.php(26): Illuminate/Pipeline/Pipeline->Illuminate/Pipeline/{closure}()
#16 C:/Users/marcj/Documents/fams-laravel-backup/vendor/laravel/framework/src/Illuminate/Pipeline/Pipeline.php(209): App/Http/Middleware/EnsureActiveAccount->handle()
#17 C:/Users/marcj/Documents/fams-laravel-backup/vendor/laravel/framework/src/Illuminate/Routing/Middleware/SubstituteBindings.php(51): Illuminate/Pipeline/Pipeline->Illuminate/Pipeline/{closure}()
#18 C:/Users/marcj/Documents/fams-laravel-backup/vendor/laravel/framework/src/Illuminate/Pipeline/Pipeline.php(209): Illuminate/Routing/Middleware/SubstituteBindings->handle()
#19 C:/Users/marcj/Documents/fams-laravel-backup/vendor/laravel/framework/src/Illuminate/Foundation/Http/Middleware/VerifyCsrfToken.php(88): Illuminate/Pipeline/Pipeline->Illuminate/Pipeline/{closure}()
#20 C:/Users/marcj/Documents/fams-laravel-backup/vendor/laravel/framework/src/Illuminate/Pipeline/Pipeline.php(209): Illuminate/Foundation/Http/Middleware/VerifyCsrfToken->handle()
#21 C:/Users/marcj/Documents/fams-laravel-backup/vendor/laravel/framework/src/Illuminate/View/Middleware/ShareErrorsFromSession.php(49): Illuminate/Pipeline/Pipeline->Illuminate/Pipeline/{closure}()
#22 C:/Users/marcj/Documents/fams-laravel-backup/vendor/laravel/framework/src/Illuminate/Pipeline/Pipeline.php(209): Illuminate/View/Middleware/ShareErrorsFromSession->handle()
#23 C:/Users/marcj/Documents/fams-laravel-backup/vendor/laravel/framework/src/Illuminate/Session/Middleware/StartSession.php(121): Illuminate/Pipeline/Pipeline->Illuminate/Pipeline/{closure}()
#24 C:/Users/marcj/Documents/fams-laravel-backup/vendor/laravel/framework/src/Illuminate/Session/Middleware/StartSession.php(64): Illuminate/Session/Middleware/StartSession->handleStatefulRequest()
#25 C:/Users/marcj/Documents/fams-laravel-backup/vendor/laravel/framework/src/Illuminate/Pipeline/Pipeline.php(209): Illuminate/Session/Middleware/StartSession->handle()
#26 C:/Users/marcj/Documents/fams-laravel-backup/vendor/laravel/framework/src/Illuminate/Cookie/Middleware/AddQueuedCookiesToResponse.php(37): Illuminate/Pipeline/Pipeline->Illuminate/Pipeline/{closure}()
#27 C:/Users/marcj/Documents/fams-laravel-backup/vendor/laravel/framework/src/Illuminate/Pipeline/Pipeline.php(209): Illuminate/Cookie/Middleware/AddQueuedCookiesToResponse->handle()
#28 C:/Users/marcj/Documents/fams-laravel-backup/vendor/laravel/framework/src/Illuminate/Cookie/Middleware/EncryptCookies.php(75): Illuminate/Pipeline/Pipeline->Illuminate/Pipeline/{closure}()
#29 C:/Users/marcj/Documents/fams-laravel-backup/vendor/laravel/framework/src/Illuminate/Pipeline/Pipeline.php(209): Illuminate/Cookie/Middleware/EncryptCookies->handle()
#30 C:/Users/marcj/Documents/fams-laravel-backup/vendor/laravel/framework/src/Illuminate/Pipeline/Pipeline.php(127): Illuminate/Pipeline/Pipeline->Illuminate/Pipeline/{closure}()
#31 C:/Users/marcj/Documents/fams-laravel-backup/vendor/laravel/framework/src/Illuminate/Routing/Router.php(807): Illuminate/Pipeline/Pipeline->then()
#32 C:/Users/marcj/Documents/fams-laravel-backup/vendor/laravel/framework/src/Illuminate/Routing/Router.php(786): Illuminate/Routing/Router->runRouteWithinStack()
#33 C:/Users/marcj/Documents/fams-laravel-backup/vendor/laravel/framework/src/Illuminate/Routing/Router.php(750): Illuminate/Routing/Router->runRoute()
#34 C:/Users/marcj/Documents/fams-laravel-backup/vendor/laravel/framework/src/Illuminate/Routing/Router.php(739): Illuminate/Routing/Router->dispatchToRoute()
#35 C:/Users/marcj/Documents/fams-laravel-backup/vendor/laravel/framework/src/Illuminate/Foundation/Http/Kernel.php(201): Illuminate/Routing/Router->dispatch()
#36 C:/Users/marcj/Documents/fams-laravel-backup/vendor/laravel/framework/src/Illuminate/Pipeline/Pipeline.php(170): Illuminate/Foundation/Http/Kernel->Illuminate/Foundation/Http/{closure}()
#37 C:/Users/marcj/Documents/fams-laravel-backup/vendor/laravel/framework/src/Illuminate/Foundation/Http/Middleware/TransformsRequest.php(21): Illuminate/Pipeline/Pipeline->Illuminate/Pipeline/{closure}()
#38 C:/Users/marcj/Documents/fams-laravel-backup/vendor/laravel/framework/src/Illuminate/Foundation/Http/Middleware/ConvertEmptyStringsToNull.php(31): Illuminate/Foundation/Http/Middleware/TransformsRequest->handle()
#39 C:/Users/marcj/Documents/fams-laravel-backup/vendor/laravel/framework/src/Illuminate/Pipeline/Pipeline.php(209): Illuminate/Foundation/Http/Middleware/ConvertEmptyStringsToNull->handle()
#40 C:/Users/marcj/Documents/fams-laravel-backup/vendor/laravel/framework/src/Illuminate/Foundation/Http/Middleware/TransformsRequest.php(21): Illuminate/Pipeline/Pipeline->Illuminate/Pipeline/{closure}()
#41 C:/Users/marcj/Documents/fams-laravel-backup/vendor/laravel/framework/src/Illuminate/Foundation/Http/Middleware/TrimStrings.php(51): Illuminate/Foundation/Http/Middleware/TransformsRequest->handle()
#42 C:/Users/marcj/Documents/fams-laravel-backup/vendor/laravel/framework/src/Illuminate/Pipeline/Pipeline.php(209): Illuminate/Foundation/Http/Middleware/TrimStrings->handle()
#43 C:/Users/marcj/Documents/fams-laravel-backup/vendor/laravel/framework/src/Illuminate/Http/Middleware/ValidatePostSize.php(27): Illuminate/Pipeline/Pipeline->Illuminate/Pipeline/{closure}()
#44 C:/Users/marcj/Documents/fams-laravel-backup/vendor/laravel/framework/src/Illuminate/Pipeline/Pipeline.php(209): Illuminate/Http/Middleware/ValidatePostSize->handle()
#45 C:/Users/marcj/Documents/fams-laravel-backup/vendor/laravel/framework/src/Illuminate/Foundation/Http/Middleware/PreventRequestsDuringMaintenance.php(110): Illuminate/Pipeline/Pipeline->Illuminate/Pipeline/{closure}()
#46 C:/Users/marcj/Documents/fams-laravel-backup/vendor/laravel/framework/src/Illuminate/Pipeline/Pipeline.php(209): Illuminate/Foundation/Http/Middleware/PreventRequestsDuringMaintenance->handle()
#47 C:/Users/marcj/Documents/fams-laravel-backup/vendor/laravel/framework/src/Illuminate/Http/Middleware/HandleCors.php(49): Illuminate/Pipeline/Pipeline->Illuminate/Pipeline/{closure}()
#48 C:/Users/marcj/Documents/fams-laravel-backup/vendor/laravel/framework/src/Illuminate/Pipeline/Pipeline.php(209): Illuminate/Http/Middleware/HandleCors->handle()
#49 C:/Users/marcj/Documents/fams-laravel-backup/vendor/laravel/framework/src/Illuminate/Http/Middleware/TrustProxies.php(58): Illuminate/Pipeline/Pipeline->Illuminate/Pipeline/{closure}()
#50 C:/Users/marcj/Documents/fams-laravel-backup/vendor/laravel/framework/src/Illuminate/Pipeline/Pipeline.php(209): Illuminate/Http/Middleware/TrustProxies->handle()
#51 C:/Users/marcj/Documents/fams-laravel-backup/vendor/laravel/framework/src/Illuminate/Foundation/Http/Middleware/InvokeDeferredCallbacks.php(22): Illuminate/Pipeline/Pipeline->Illuminate/Pipeline/{closure}()
#52 C:/Users/marcj/Documents/fams-laravel-backup/vendor/laravel/framework/src/Illuminate/Pipeline/Pipeline.php(209): Illuminate/Foundation/Http/Middleware/InvokeDeferredCallbacks->handle()
#53 C:/Users/marcj/Documents/fams-laravel-backup/vendor/laravel/framework/src/Illuminate/Pipeline/Pipeline.php(127): Illuminate/Pipeline/Pipeline->Illuminate/Pipeline/{closure}()
#54 C:/Users/marcj/Documents/fams-laravel-backup/vendor/laravel/framework/src/Illuminate/Foundation/Http/Kernel.php(176): Illuminate/Pipeline/Pipeline->then()
#55 C:/Users/marcj/Documents/fams-laravel-backup/vendor/laravel/framework/src/Illuminate/Foundation/Http/Kernel.php(145): Illuminate/Foundation/Http/Kernel->sendRequestThroughRouter()
#56 C:/Users/marcj/Documents/fams-laravel-backup/vendor/laravel/framework/src/Illuminate/Foundation/Application.php(1220): Illuminate/Foundation/Http/Kernel->handle()
#57 C:/Users/marcj/Documents/fams-laravel-backup/public/index.php(15): Illuminate/Foundation/Application->handleRequest()
#58 C:/Users/marcj/Documents/fams-laravel-backup/vendor/laravel/framework/src/Illuminate/Foundation/resources/server.php(23): require_once('...')
#59 {main}

[previous exception] [object] (Symfony\\Component\\Routing\\Exception\\RouteNotFoundException(code: 0): Route [register] not defined. at C:/Users/marcj/Documents/fams-laravel-backup/vendor/laravel/framework/src/Illuminate/Routing/UrlGenerator.php:517)
[stacktrace]
#0 C:/Users/marcj/Documents/fams-laravel-backup/vendor/laravel/framework/src/Illuminate/Foundation/helpers.php(853): Illuminate/Routing/UrlGenerator->route()
#1 C:/Users/marcj/Documents/fams-laravel-backup/storage/framework/views/7ba348dd5ad2be23e4da1a544b283e92.php(23): route()
#2 C:/Users/marcj/Documents/fams-laravel-backup/vendor/laravel/framework/src/Illuminate/Filesystem/Filesystem.php(123): require('...')
#3 C:/Users/marcj/Documents/fams-laravel-backup/vendor/laravel/framework/src/Illuminate/Filesystem/Filesystem.php(124): Illuminate/Filesystem/Filesystem::Illuminate/Filesystem/{closure}()
#4 C:/Users/marcj/Documents/fams-laravel-backup/vendor/laravel/framework/src/Illuminate/View/Engines/PhpEngine.php(58): Illuminate/Filesystem/Filesystem->getRequire()
#5 C:/Users/marcj/Documents/fams-laravel-backup/vendor/laravel/framework/src/Illuminate/View/Engines/CompilerEngine.php(75): Illuminate/View/Engines/PhpEngine->evaluatePath()
#6 C:/Users/marcj/Documents/fams-laravel-backup/vendor/laravel/framework/src/Illuminate/View/View.php(209): Illuminate/View/Engines/CompilerEngine->get()
#7 C:/Users/marcj/Documents/fams-laravel-backup/vendor/laravel/framework/src/Illuminate/View/View.php(192): Illuminate/View/View->getContents()
#8 C:/Users/marcj/Documents/fams-laravel-backup/vendor/laravel/framework/src/Illuminate/View/View.php(161): Illuminate/View/View->renderContents()
#9 C:/Users/marcj/Documents/fams-laravel-backup/vendor/laravel/framework/src/Illuminate/Http/Response.php(79): Illuminate/View/View->render()
#10 C:/Users/marcj/Documents/fams-laravel-backup/vendor/laravel/framework/src/Illuminate/Http/Response.php(35): Illuminate/Http/Response->setContent()
#11 C:/Users/marcj/Documents/fams-laravel-backup/vendor/laravel/framework/src/Illuminate/Routing/Router.php(920): Illuminate/Http/Response->__construct()
#12 C:/Users/marcj/Documents/fams-laravel-backup/vendor/laravel/framework/src/Illuminate/Routing/Router.php(887): Illuminate/Routing/Router::toResponse()
#13 C:/Users/marcj/Documents/fams-laravel-backup/vendor/laravel/framework/src/Illuminate/Routing/Router.php(807): Illuminate/Routing/Router->prepareResponse()
#14 C:/Users/marcj/Documents/fams-laravel-backup/vendor/laravel/framework/src/Illuminate/Pipeline/Pipeline.php(170): Illuminate/Routing/Router->Illuminate/Routing/{closure}()
#15 C:/Users/marcj/Documents/fams-laravel-backup/vendor/laravel/framework/src/Illuminate/Auth/Middleware/RedirectIfAuthenticated.php(35): Illuminate/Pipeline/Pipeline->Illuminate/Pipeline/{closure}()
#16 C:/Users/marcj/Documents/fams-laravel-backup/vendor/laravel/framework/src/Illuminate/Pipeline/Pipeline.php(209): Illuminate/Auth/Middleware/RedirectIfAuthenticated->handle()
#17 C:/Users/marcj/Documents/fams-laravel-backup/app/Http/Middleware/ForcePasswordChange.php(26): Illuminate/Pipeline/Pipeline->Illuminate/Pipeline/{closure}()
#18 C:/Users/marcj/Documents/fams-laravel-backup/vendor/laravel/framework/src/Illuminate/Pipeline/Pipeline.php(209): App/Http/Middleware/ForcePasswordChange->handle()
#19 C:/Users/marcj/Documents/fams-laravel-backup/app/Http/Middleware/EnsureActiveAccount.php(26): Illuminate/Pipeline/Pipeline->Illuminate/Pipeline/{closure}()
#20 C:/Users/marcj/Documents/fams-laravel-backup/vendor/laravel/framework/src/Illuminate/Pipeline/Pipeline.php(209): App/Http/Middleware/EnsureActiveAccount->handle()
#21 C:/Users/marcj/Documents/fams-laravel-backup/vendor/laravel/framework/src/Illuminate/Routing/Middleware/SubstituteBindings.php(51): Illuminate/Pipeline/Pipeline->Illuminate/Pipeline/{closure}()
#22 C:/Users/marcj/Documents/fams-laravel-backup/vendor/laravel/framework/src/Illuminate/Pipeline/Pipeline.php(209): Illuminate/Routing/Middleware/SubstituteBindings->handle()
#23 C:/Users/marcj/Documents/fams-laravel-backup/vendor/laravel/framework/src/Illuminate/Foundation/Http/Middleware/VerifyCsrfToken.php(88): Illuminate/Pipeline/Pipeline->Illuminate/Pipeline/{closure}()
#24 C:/Users/marcj/Documents/fams-laravel-backup/vendor/laravel/framework/src/Illuminate/Pipeline/Pipeline.php(209): Illuminate/Foundation/Http/Middleware/VerifyCsrfToken->handle()
#25 C:/Users/marcj/Documents/fams-laravel-backup/vendor/laravel/framework/src/Illuminate/View/Middleware/ShareErrorsFromSession.php(49): Illuminate/Pipeline/Pipeline->Illuminate/Pipeline/{closure}()
#26 C:/Users/marcj/Documents/fams-laravel-backup/vendor/laravel/framework/src/Illuminate/Pipeline/Pipeline.php(209): Illuminate/View/Middleware/ShareErrorsFromSession->handle()
#27 C:/Users/marcj/Documents/fams-laravel-backup/vendor/laravel/framework/src/Illuminate/Session/Middleware/StartSession.php(121): Illuminate/Pipeline/Pipeline->Illuminate/Pipeline/{closure}()
#28 C:/Users/marcj/Documents/fams-laravel-backup/vendor/laravel/framework/src/Illuminate/Session/Middleware/StartSession.php(64): Illuminate/Session/Middleware/StartSession->handleStatefulRequest()
#29 C:/Users/marcj/Documents/fams-laravel-backup/vendor/laravel/framework/src/Illuminate/Pipeline/Pipeline.php(209): Illuminate/Session/Middleware/StartSession->handle()
#30 C:/Users/marcj/Documents/fams-laravel-backup/vendor/laravel/framework/src/Illuminate/Cookie/Middleware/AddQueuedCookiesToResponse.php(37): Illuminate/Pipeline/Pipeline->Illuminate/Pipeline/{closure}()
#31 C:/Users/marcj/Documents/fams-laravel-backup/vendor/laravel/framework/src/Illuminate/Pipeline/Pipeline.php(209): Illuminate/Cookie/Middleware/AddQueuedCookiesToResponse->handle()
#32 C:/Users/marcj/Documents/fams-laravel-backup/vendor/laravel/framework/src/Illuminate/Cookie/Middleware/EncryptCookies.php(75): Illuminate/Pipeline/Pipeline->Illuminate/Pipeline/{closure}()
#33 C:/Users/marcj/Documents/fams-laravel-backup/vendor/laravel/framework/src/Illuminate/Pipeline/Pipeline.php(209): Illuminate/Cookie/Middleware/EncryptCookies->handle()
#34 C:/Users/marcj/Documents/fams-laravel-backup/vendor/laravel/framework/src/Illuminate/Pipeline/Pipeline.php(127): Illuminate/Pipeline/Pipeline->Illuminate/Pipeline/{closure}()
#35 C:/Users/marcj/Documents/fams-laravel-backup/vendor/laravel/framework/src/Illuminate/Routing/Router.php(807): Illuminate/Pipeline/Pipeline->then()
#36 C:/Users/marcj/Documents/fams-laravel-backup/vendor/laravel/framework/src/Illuminate/Routing/Router.php(786): Illuminate/Routing/Router->runRouteWithinStack()
#37 C:/Users/marcj/Documents/fams-laravel-backup/vendor/laravel/framework/src/Illuminate/Routing/Router.php(750): Illuminate/Routing/Router->runRoute()
#38 C:/Users/marcj/Documents/fams-laravel-backup/vendor/laravel/framework/src/Illuminate/Routing/Router.php(739): Illuminate/Routing/Router->dispatchToRoute()
#39 C:/Users/marcj/Documents/fams-laravel-backup/vendor/laravel/framework/src/Illuminate/Foundation/Http/Kernel.php(201): Illuminate/Routing/Router->dispatch()
#40 C:/Users/marcj/Documents/fams-laravel-backup/vendor/laravel/framework/src/Illuminate/Pipeline/Pipeline.php(170): Illuminate/Foundation/Http/Kernel->Illuminate/Foundation/Http/{closure}()
#41 C:/Users/marcj/Documents/fams-laravel-backup/vendor/laravel/framework/src/Illuminate/Foundation/Http/Middleware/TransformsRequest.php(21): Illuminate/Pipeline/Pipeline->Illuminate/Pipeline/{closure}()
#42 C:/Users/marcj/Documents/fams-laravel-backup/vendor/laravel/framework/src/Illuminate/Foundation/Http/Middleware/ConvertEmptyStringsToNull.php(31): Illuminate/Foundation/Http/Middleware/TransformsRequest->handle()
#43 C:/Users/marcj/Documents/fams-laravel-backup/vendor/laravel/framework/src/Illuminate/Pipeline/Pipeline.php(209): Illuminate/Foundation/Http/Middleware/ConvertEmptyStringsToNull->handle()
#44 C:/Users/marcj/Documents/fams-laravel-backup/vendor/laravel/framework/src/Illuminate/Foundation/Http/Middleware/TransformsRequest.php(21): Illuminate/Pipeline/Pipeline->Illuminate/Pipeline/{closure}()
#45 C:/Users/marcj/Documents/fams-laravel-backup/vendor/laravel/framework/src/Illuminate/Foundation/Http/Middleware/TrimStrings.php(51): Illuminate/Foundation/Http/Middleware/TransformsRequest->handle()
#46 C:/Users/marcj/Documents/fams-laravel-backup/vendor/laravel/framework/src/Illuminate/Pipeline/Pipeline.php(209): Illuminate/Foundation/Http/Middleware/TrimStrings->handle()
#47 C:/Users/marcj/Documents/fams-laravel-backup/vendor/laravel/framework/src/Illuminate/Http/Middleware/ValidatePostSize.php(27): Illuminate/Pipeline/Pipeline->Illuminate/Pipeline/{closure}()
#48 C:/Users/marcj/Documents/fams-laravel-backup/vendor/laravel/framework/src/Illuminate/Pipeline/Pipeline.php(209): Illuminate/Http/Middleware/ValidatePostSize->handle()
#49 C:/Users/marcj/Documents/fams-laravel-backup/vendor/laravel/framework/src/Illuminate/Foundation/Http/Middleware/PreventRequestsDuringMaintenance.php(110): Illuminate/Pipeline/Pipeline->Illuminate/Pipeline/{closure}()
#50 C:/Users/marcj/Documents/fams-laravel-backup/vendor/laravel/framework/src/Illuminate/Pipeline/Pipeline.php(209): Illuminate/Foundation/Http/Middleware/PreventRequestsDuringMaintenance->handle()
#51 C:/Users/marcj/Documents/fams-laravel-backup/vendor/laravel/framework/src/Illuminate/Http/Middleware/HandleCors.php(49): Illuminate/Pipeline/Pipeline->Illuminate/Pipeline/{closure}()
#52 C:/Users/marcj/Documents/fams-laravel-backup/vendor/laravel/framework/src/Illuminate/Pipeline/Pipeline.php(209): Illuminate/Http/Middleware/HandleCors->handle()
#53 C:/Users/marcj/Documents/fams-laravel-backup/vendor/laravel/framework/src/Illuminate/Http/Middleware/TrustProxies.php(58): Illuminate/Pipeline/Pipeline->Illuminate/Pipeline/{closure}()
#54 C:/Users/marcj/Documents/fams-laravel-backup/vendor/laravel/framework/src/Illuminate/Pipeline/Pipeline.php(209): Illuminate/Http/Middleware/TrustProxies->handle()
#55 C:/Users/marcj/Documents/fams-laravel-backup/vendor/laravel/framework/src/Illuminate/Foundation/Http/Middleware/InvokeDeferredCallbacks.php(22): Illuminate/Pipeline/Pipeline->Illuminate/Pipeline/{closure}()
#56 C:/Users/marcj/Documents/fams-laravel-backup/vendor/laravel/framework/src/Illuminate/Pipeline/Pipeline.php(209): Illuminate/Foundation/Http/Middleware/InvokeDeferredCallbacks->handle()
#57 C:/Users/marcj/Documents/fams-laravel-backup/vendor/laravel/framework/src/Illuminate/Pipeline/Pipeline.php(127): Illuminate/Pipeline/Pipeline->Illuminate/Pipeline/{closure}()
#58 C:/Users/marcj/Documents/fams-laravel-backup/vendor/laravel/framework/src/Illuminate/Foundation/Http/Kernel.php(176): Illuminate/Pipeline/Pipeline->then()
#59 C:/Users/marcj/Documents/fams-laravel-backup/vendor/laravel/framework/src/Illuminate/Foundation/Http/Kernel.php(145): Illuminate/Foundation/Http/Kernel->sendRequestThroughRouter()
#60 C:/Users/marcj/Documents/fams-laravel-backup/vendor/laravel/framework/src/Illuminate/Foundation/Application.php(1220): Illuminate/Foundation/Http/Kernel->handle()
#61 C:/Users/marcj/Documents/fams-laravel-backup/public/index.php(15): Illuminate/Foundation/Application->handleRequest()
#62 C:/Users/marcj/Documents/fams-laravel-backup/vendor/laravel/framework/src/Illuminate/Foundation/resources/server.php(23): require_once('...')
#63 {main}
"} 
[2026-08-30 06:00:09] local.ERROR: Route [register] not defined. (View: C:\Users\marcj\Documents\fams-laravel-backup\resources\views\auth\login.blade.php) {"exception":"[object] (Illuminate\\View\\ViewException(code: 0): Route [register] not defined. (View: C:\\Users\\marcj\\Documents\\fams-laravel-backup\\resources\\views\\auth\\login.blade.php) at C:/Users/marcj/Documents/fams-laravel-backup/vendor/laravel/framework/src/Illuminate/Routing/UrlGenerator.php:517)
[stacktrace]
#0 C:/Users/marcj/Documents/fams-laravel-backup/vendor/laravel/framework/src/Illuminate/View/Engines/PhpEngine.php(60): Illuminate/View/Engines/CompilerEngine->handleViewException()
#1 C:/Users/marcj/Documents/fams-laravel-backup/vendor/laravel/framework/src/Illuminate/View/Engines/CompilerEngine.php(75): Illuminate/View/Engines/PhpEngine->evaluatePath()
#2 C:/Users/marcj/Documents/fams-laravel-backup/vendor/laravel/framework/src/Illuminate/View/View.php(209): Illuminate/View/Engines/CompilerEngine->get()
#3 C:/Users/marcj/Documents/fams-laravel-backup/vendor/laravel/framework/src/Illuminate/View/View.php(192): Illuminate/View/View->getContents()
#4 C:/Users/marcj/Documents/fams-laravel-backup/vendor/laravel/framework/src/Illuminate/View/View.php(161): Illuminate/View/View->renderContents()
#5 C:/Users/marcj/Documents/fams-laravel-backup/vendor/laravel/framework/src/Illuminate/Http/Response.php(79): Illuminate/View/View->render()
#6 C:/Users/marcj/Documents/fams-laravel-backup/vendor/laravel/framework/src/Illuminate/Http/Response.php(35): Illuminate/Http/Response->setContent()
#7 C:/Users/marcj/Documents/fams-laravel-backup/vendor/laravel/framework/src/Illuminate/Routing/Router.php(920): Illuminate/Http/Response->__construct()
#8 C:/Users/marcj/Documents/fams-laravel-backup/vendor/laravel/framework/src/Illuminate/Routing/Router.php(887): Illuminate/Routing/Router::toResponse()
#9 C:/Users/marcj/Documents/fams-laravel-backup/vendor/laravel/framework/src/Illuminate/Routing/Router.php(807): Illuminate/Routing/Router->prepareResponse()
#10 C:/Users/marcj/Documents/fams-laravel-backup/vendor/laravel/framework/src/Illuminate/Pipeline/Pipeline.php(170): Illuminate/Routing/Router->Illuminate/Routing/{closure}()
#11 C:/Users/marcj/Documents/fams-laravel-backup/vendor/laravel/framework/src/Illuminate/Auth/Middleware/RedirectIfAuthenticated.php(35): Illuminate/Pipeline/Pipeline->Illuminate/Pipeline/{closure}()
#12 C:/Users/marcj/Documents/fams-laravel-backup/vendor/laravel/framework/src/Illuminate/Pipeline/Pipeline.php(209): Illuminate/Auth/Middleware/RedirectIfAuthenticated->handle()
#13 C:/Users/marcj/Documents/fams-laravel-backup/app/Http/Middleware/ForcePasswordChange.php(26): Illuminate/Pipeline/Pipeline->Illuminate/Pipeline/{closure}()
#14 C:/Users/marcj/Documents/fams-laravel-backup/vendor/laravel/framework/src/Illuminate/Pipeline/Pipeline.php(209): App/Http/Middleware/ForcePasswordChange->handle()
#15 C:/Users/marcj/Documents/fams-laravel-backup/app/Http/Middleware/EnsureActiveAccount.php(26): Illuminate/Pipeline/Pipeline->Illuminate/Pipeline/{closure}()
#16 C:/Users/marcj/Documents/fams-laravel-backup/vendor/laravel/framework/src/Illuminate/Pipeline/Pipeline.php(209): App/Http/Middleware/EnsureActiveAccount->handle()
#17 C:/Users/marcj/Documents/fams-laravel-backup/vendor/laravel/framework/src/Illuminate/Routing/Middleware/SubstituteBindings.php(51): Illuminate/Pipeline/Pipeline->Illuminate/Pipeline/{closure}()
#18 C:/Users/marcj/Documents/fams-laravel-backup/vendor/laravel/framework/src/Illuminate/Pipeline/Pipeline.php(209): Illuminate/Routing/Middleware/SubstituteBindings->handle()
#19 C:/Users/marcj/Documents/fams-laravel-backup/vendor/laravel/framework/src/Illuminate/Foundation/Http/Middleware/VerifyCsrfToken.php(88): Illuminate/Pipeline/Pipeline->Illuminate/Pipeline/{closure}()
#20 C:/Users/marcj/Documents/fams-laravel-backup/vendor/laravel/framework/src/Illuminate/Pipeline/Pipeline.php(209): Illuminate/Foundation/Http/Middleware/VerifyCsrfToken->handle()
#21 C:/Users/marcj/Documents/fams-laravel-backup/vendor/laravel/framework/src/Illuminate/View/Middleware/ShareErrorsFromSession.php(49): Illuminate/Pipeline/Pipeline->Illuminate/Pipeline/{closure}()
#22 C:/Users/marcj/Documents/fams-laravel-backup/vendor/laravel/framework/src/Illuminate/Pipeline/Pipeline.php(209): Illuminate/View/Middleware/ShareErrorsFromSession->handle()
#23 C:/Users/marcj/Documents/fams-laravel-backup/vendor/laravel/framework/src/Illuminate/Session/Middleware/StartSession.php(121): Illuminate/Pipeline/Pipeline->Illuminate/Pipeline/{closure}()
#24 C:/Users/marcj/Documents/fams-laravel-backup/vendor/laravel/framework/src/Illuminate/Session/Middleware/StartSession.php(64): Illuminate/Session/Middleware/StartSession->handleStatefulRequest()
#25 C:/Users/marcj/Documents/fams-laravel-backup/vendor/laravel/framework/src/Illuminate/Pipeline/Pipeline.php(209): Illuminate/Session/Middleware/StartSession->handle()
#26 C:/Users/marcj/Documents/fams-laravel-backup/vendor/laravel/framework/src/Illuminate/Cookie/Middleware/AddQueuedCookiesToResponse.php(37): Illuminate/Pipeline/Pipeline->Illuminate/Pipeline/{closure}()
#27 C:/Users/marcj/Documents/fams-laravel-backup/vendor/laravel/framework/src/Illuminate/Pipeline/Pipeline.php(209): Illuminate/Cookie/Middleware/AddQueuedCookiesToResponse->handle()
#28 C:/Users/marcj/Documents/fams-laravel-backup/vendor/laravel/framework/src/Illuminate/Cookie/Middleware/EncryptCookies.php(75): Illuminate/Pipeline/Pipeline->Illuminate/Pipeline/{closure}()
#29 C:/Users/marcj/Documents/fams-laravel-backup/vendor/laravel/framework/src/Illuminate/Pipeline/Pipeline.php(209): Illuminate/Cookie/Middleware/EncryptCookies->handle()
#30 C:/Users/marcj/Documents/fams-laravel-backup/vendor/laravel/framework/src/Illuminate/Pipeline/Pipeline.php(127): Illuminate/Pipeline/Pipeline->Illuminate/Pipeline/{closure}()
#31 C:/Users/marcj/Documents/fams-laravel-backup/vendor/laravel/framework/src/Illuminate/Routing/Router.php(807): Illuminate/Pipeline/Pipeline->then()
#32 C:/Users/marcj/Documents/fams-laravel-backup/vendor/laravel/framework/src/Illuminate/Routing/Router.php(786): Illuminate/Routing/Router->runRouteWithinStack()
#33 C:/Users/marcj/Documents/fams-laravel-backup/vendor/laravel/framework/src/Illuminate/Routing/Router.php(750): Illuminate/Routing/Router->runRoute()
#34 C:/Users/marcj/Documents/fams-laravel-backup/vendor/laravel/framework/src/Illuminate/Routing/Router.php(739): Illuminate/Routing/Router->dispatchToRoute()
#35 C:/Users/marcj/Documents/fams-laravel-backup/vendor/laravel/framework/src/Illuminate/Foundation/Http/Kernel.php(201): Illuminate/Routing/Router->dispatch()
#36 C:/Users/marcj/Documents/fams-laravel-backup/vendor/laravel/framework/src/Illuminate/Pipeline/Pipeline.php(170): Illuminate/Foundation/Http/Kernel->Illuminate/Foundation/Http/{closure}()
#37 C:/Users/marcj/Documents/fams-laravel-backup/vendor/laravel/framework/src/Illuminate/Foundation/Http/Middleware/TransformsRequest.php(21): Illuminate/Pipeline/Pipeline->Illuminate/Pipeline/{closure}()
#38 C:/Users/marcj/Documents/fams-laravel-backup/vendor/laravel/framework/src/Illuminate/Foundation/Http/Middleware/ConvertEmptyStringsToNull.php(31): Illuminate/Foundation/Http/Middleware/TransformsRequest->handle()
#39 C:/Users/marcj/Documents/fams-laravel-backup/vendor/laravel/framework/src/Illuminate/Pipeline/Pipeline.php(209): Illuminate/Foundation/Http/Middleware/ConvertEmptyStringsToNull->handle()
#40 C:/Users/marcj/Documents/fams-laravel-backup/vendor/laravel/framework/src/Illuminate/Foundation/Http/Middleware/TransformsRequest.php(21): Illuminate/Pipeline/Pipeline->Illuminate/Pipeline/{closure}()
#41 C:/Users/marcj/Documents/fams-laravel-backup/vendor/laravel/framework/src/Illuminate/Foundation/Http/Middleware/TrimStrings.php(51): Illuminate/Foundation/Http/Middleware/TransformsRequest->handle()
#42 C:/Users/marcj/Documents/fams-laravel-backup/vendor/laravel/framework/src/Illuminate/Pipeline/Pipeline.php(209): Illuminate/Foundation/Http/Middleware/TrimStrings->handle()
#43 C:/Users/marcj/Documents/fams-laravel-backup/vendor/laravel/framework/src/Illuminate/Http/Middleware/ValidatePostSize.php(27): Illuminate/Pipeline/Pipeline->Illuminate/Pipeline/{closure}()
#44 C:/Users/marcj/Documents/fams-laravel-backup/vendor/laravel/framework/src/Illuminate/Pipeline/Pipeline.php(209): Illuminate/Http/Middleware/ValidatePostSize->handle()
#45 C:/Users/marcj/Documents/fams-laravel-backup/vendor/laravel/framework/src/Illuminate/Foundation/Http/Middleware/PreventRequestsDuringMaintenance.php(110): Illuminate/Pipeline/Pipeline->Illuminate/Pipeline/{closure}()
#46 C:/Users/marcj/Documents/fams-laravel-backup/vendor/laravel/framework/src/Illuminate/Pipeline/Pipeline.php(209): Illuminate/Foundation/Http/Middleware/PreventRequestsDuringMaintenance->handle()
#47 C:/Users/marcj/Documents/fams-laravel-backup/vendor/laravel/framework/src/Illuminate/Http/Middleware/HandleCors.php(49): Illuminate/Pipeline/Pipeline->Illuminate/Pipeline/{closure}()
#48 C:/Users/marcj/Documents/fams-laravel-backup/vendor/laravel/framework/src/Illuminate/Pipeline/Pipeline.php(209): Illuminate/Http/Middleware/HandleCors->handle()
#49 C:/Users/marcj/Documents/fams-laravel-backup/vendor/laravel/framework/src/Illuminate/Http/Middleware/TrustProxies.php(58): Illuminate/Pipeline/Pipeline->Illuminate/Pipeline/{closure}()
#50 C:/Users/marcj/Documents/fams-laravel-backup/vendor/laravel/framework/src/Illuminate/Pipeline/Pipeline.php(209): Illuminate/Http/Middleware/TrustProxies->handle()
#51 C:/Users/marcj/Documents/fams-laravel-backup/vendor/laravel/framework/src/Illuminate/Foundation/Http/Middleware/InvokeDeferredCallbacks.php(22): Illuminate/Pipeline/Pipeline->Illuminate/Pipeline/{closure}()
#52 C:/Users/marcj/Documents/fams-laravel-backup/vendor/laravel/framework/src/Illuminate/Pipeline/Pipeline.php(209): Illuminate/Foundation/Http/Middleware/InvokeDeferredCallbacks->handle()
#53 C:/Users/marcj/Documents/fams-laravel-backup/vendor/laravel/framework/src/Illuminate/Pipeline/Pipeline.php(127): Illuminate/Pipeline/Pipeline->Illuminate/Pipeline/{closure}()
#54 C:/Users/marcj/Documents/fams-laravel-backup/vendor/laravel/framework/src/Illuminate/Foundation/Http/Kernel.php(176): Illuminate/Pipeline/Pipeline->then()
#55 C:/Users/marcj/Documents/fams-laravel-backup/vendor/laravel/framework/src/Illuminate/Foundation/Http/Kernel.php(145): Illuminate/Foundation/Http/Kernel->sendRequestThroughRouter()
#56 C:/Users/marcj/Documents/fams-laravel-backup/vendor/laravel/framework/src/Illuminate/Foundation/Application.php(1220): Illuminate/Foundation/Http/Kernel->handle()
#57 C:/Users/marcj/Documents/fams-laravel-backup/public/index.php(15): Illuminate/Foundation/Application->handleRequest()
#58 C:/Users/marcj/Documents/fams-laravel-backup/vendor/laravel/framework/src/Illuminate/Foundation/resources/server.php(23): require_once('...')
#59 {main}

[previous exception] [object] (Symfony\\Component\\Routing\\Exception\\RouteNotFoundException(code: 0): Route [register] not defined. at C:/Users/marcj/Documents/fams-laravel-backup/vendor/laravel/framework/src/Illuminate/Routing/UrlGenerator.php:517)
[stacktrace]
#0 C:/Users/marcj/Documents/fams-laravel-backup/vendor/laravel/framework/src/Illuminate/Foundation/helpers.php(853): Illuminate/Routing/UrlGenerator->route()
#1 C:/Users/marcj/Documents/fams-laravel-backup/storage/framework/views/7ba348dd5ad2be23e4da1a544b283e92.php(23): route()
#2 C:/Users/marcj/Documents/fams-laravel-backup/vendor/laravel/framework/src/Illuminate/Filesystem/Filesystem.php(123): require('...')
#3 C:/Users/marcj/Documents/fams-laravel-backup/vendor/laravel/framework/src/Illuminate/Filesystem/Filesystem.php(124): Illuminate/Filesystem/Filesystem::Illuminate/Filesystem/{closure}()
#4 C:/Users/marcj/Documents/fams-laravel-backup/vendor/laravel/framework/src/Illuminate/View/Engines/PhpEngine.php(58): Illuminate/Filesystem/Filesystem->getRequire()
#5 C:/Users/marcj/Documents/fams-laravel-backup/vendor/laravel/framework/src/Illuminate/View/Engines/CompilerEngine.php(75): Illuminate/View/Engines/PhpEngine->evaluatePath()
#6 C:/Users/marcj/Documents/fams-laravel-backup/vendor/laravel/framework/src/Illuminate/View/View.php(209): Illuminate/View/Engines/CompilerEngine->get()
#7 C:/Users/marcj/Documents/fams-laravel-backup/vendor/laravel/framework/src/Illuminate/View/View.php(192): Illuminate/View/View->getContents()
#8 C:/Users/marcj/Documents/fams-laravel-backup/vendor/laravel/framework/src/Illuminate/View/View.php(161): Illuminate/View/View->renderContents()
#9 C:/Users/marcj/Documents/fams-laravel-backup/vendor/laravel/framework/src/Illuminate/Http/Response.php(79): Illuminate/View/View->render()
#10 C:/Users/marcj/Documents/fams-laravel-backup/vendor/laravel/framework/src/Illuminate/Http/Response.php(35): Illuminate/Http/Response->setContent()
#11 C:/Users/marcj/Documents/fams-laravel-backup/vendor/laravel/framework/src/Illuminate/Routing/Router.php(920): Illuminate/Http/Response->__construct()
#12 C:/Users/marcj/Documents/fams-laravel-backup/vendor/laravel/framework/src/Illuminate/Routing/Router.php(887): Illuminate/Routing/Router::toResponse()
#13 C:/Users/marcj/Documents/fams-laravel-backup/vendor/laravel/framework/src/Illuminate/Routing/Router.php(807): Illuminate/Routing/Router->prepareResponse()
#14 C:/Users/marcj/Documents/fams-laravel-backup/vendor/laravel/framework/src/Illuminate/Pipeline/Pipeline.php(170): Illuminate/Routing/Router->Illuminate/Routing/{closure}()
#15 C:/Users/marcj/Documents/fams-laravel-backup/vendor/laravel/framework/src/Illuminate/Auth/Middleware/RedirectIfAuthenticated.php(35): Illuminate/Pipeline/Pipeline->Illuminate/Pipeline/{closure}()
#16 C:/Users/marcj/Documents/fams-laravel-backup/vendor/laravel/framework/src/Illuminate/Pipeline/Pipeline.php(209): Illuminate/Auth/Middleware/RedirectIfAuthenticated->handle()
#17 C:/Users/marcj/Documents/fams-laravel-backup/app/Http/Middleware/ForcePasswordChange.php(26): Illuminate/Pipeline/Pipeline->Illuminate/Pipeline/{closure}()
#18 C:/Users/marcj/Documents/fams-laravel-backup/vendor/laravel/framework/src/Illuminate/Pipeline/Pipeline.php(209): App/Http/Middleware/ForcePasswordChange->handle()
#19 C:/Users/marcj/Documents/fams-laravel-backup/app/Http/Middleware/EnsureActiveAccount.php(26): Illuminate/Pipeline/Pipeline->Illuminate/Pipeline/{closure}()
#20 C:/Users/marcj/Documents/fams-laravel-backup/vendor/laravel/framework/src/Illuminate/Pipeline/Pipeline.php(209): App/Http/Middleware/EnsureActiveAccount->handle()
#21 C:/Users/marcj/Documents/fams-laravel-backup/vendor/laravel/framework/src/Illuminate/Routing/Middleware/SubstituteBindings.php(51): Illuminate/Pipeline/Pipeline->Illuminate/Pipeline/{closure}()
#22 C:/Users/marcj/Documents/fams-laravel-backup/vendor/laravel/framework/src/Illuminate/Pipeline/Pipeline.php(209): Illuminate/Routing/Middleware/SubstituteBindings->handle()
#23 C:/Users/marcj/Documents/fams-laravel-backup/vendor/laravel/framework/src/Illuminate/Foundation/Http/Middleware/VerifyCsrfToken.php(88): Illuminate/Pipeline/Pipeline->Illuminate/Pipeline/{closure}()
#24 C:/Users/marcj/Documents/fams-laravel-backup/vendor/laravel/framework/src/Illuminate/Pipeline/Pipeline.php(209): Illuminate/Foundation/Http/Middleware/VerifyCsrfToken->handle()
#25 C:/Users/marcj/Documents/fams-laravel-backup/vendor/laravel/framework/src/Illuminate/View/Middleware/ShareErrorsFromSession.php(49): Illuminate/Pipeline/Pipeline->Illuminate/Pipeline/{closure}()
#26 C:/Users/marcj/Documents/fams-laravel-backup/vendor/laravel/framework/src/Illuminate/Pipeline/Pipeline.php(209): Illuminate/View/Middleware/ShareErrorsFromSession->handle()
#27 C:/Users/marcj/Documents/fams-laravel-backup/vendor/laravel/framework/src/Illuminate/Session/Middleware/StartSession.php(121): Illuminate/Pipeline/Pipeline->Illuminate/Pipeline/{closure}()
#28 C:/Users/marcj/Documents/fams-laravel-backup/vendor/laravel/framework/src/Illuminate/Session/Middleware/StartSession.php(64): Illuminate/Session/Middleware/StartSession->handleStatefulRequest()
#29 C:/Users/marcj/Documents/fams-laravel-backup/vendor/laravel/framework/src/Illuminate/Pipeline/Pipeline.php(209): Illuminate/Session/Middleware/StartSession->handle()
#30 C:/Users/marcj/Documents/fams-laravel-backup/vendor/laravel/framework/src/Illuminate/Cookie/Middleware/AddQueuedCookiesToResponse.php(37): Illuminate/Pipeline/Pipeline->Illuminate/Pipeline/{closure}()
#31 C:/Users/marcj/Documents/fams-laravel-backup/vendor/laravel/framework/src/Illuminate/Pipeline/Pipeline.php(209): Illuminate/Cookie/Middleware/AddQueuedCookiesToResponse->handle()
#32 C:/Users/marcj/Documents/fams-laravel-backup/vendor/laravel/framework/src/Illuminate/Cookie/Middleware/EncryptCookies.php(75): Illuminate/Pipeline/Pipeline->Illuminate/Pipeline/{closure}()
#33 C:/Users/marcj/Documents/fams-laravel-backup/vendor/laravel/framework/src/Illuminate/Pipeline/Pipeline.php(209): Illuminate/Cookie/Middleware/EncryptCookies->handle()
#34 C:/Users/marcj/Documents/fams-laravel-backup/vendor/laravel/framework/src/Illuminate/Pipeline/Pipeline.php(127): Illuminate/Pipeline/Pipeline->Illuminate/Pipeline/{closure}()
#35 C:/Users/marcj/Documents/fams-laravel-backup/vendor/laravel/framework/src/Illuminate/Routing/Router.php(807): Illuminate/Pipeline/Pipeline->then()
#36 C:/Users/marcj/Documents/fams-laravel-backup/vendor/laravel/framework/src/Illuminate/Routing/Router.php(786): Illuminate/Routing/Router->runRouteWithinStack()
#37 C:/Users/marcj/Documents/fams-laravel-backup/vendor/laravel/framework/src/Illuminate/Routing/Router.php(750): Illuminate/Routing/Router->runRoute()
#38 C:/Users/marcj/Documents/fams-laravel-backup/vendor/laravel/framework/src/Illuminate/Routing/Router.php(739): Illuminate/Routing/Router->dispatchToRoute()
#39 C:/Users/marcj/Documents/fams-laravel-backup/vendor/laravel/framework/src/Illuminate/Foundation/Http/Kernel.php(201): Illuminate/Routing/Router->dispatch()
#40 C:/Users/marcj/Documents/fams-laravel-backup/vendor/laravel/framework/src/Illuminate/Pipeline/Pipeline.php(170): Illuminate/Foundation/Http/Kernel->Illuminate/Foundation/Http/{closure}()
#41 C:/Users/marcj/Documents/fams-laravel-backup/vendor/laravel/framework/src/Illuminate/Foundation/Http/Middleware/TransformsRequest.php(21): Illuminate/Pipeline/Pipeline->Illuminate/Pipeline/{closure}()
#42 C:/Users/marcj/Documents/fams-laravel-backup/vendor/laravel/framework/src/Illuminate/Foundation/Http/Middleware/ConvertEmptyStringsToNull.php(31): Illuminate/Foundation/Http/Middleware/TransformsRequest->handle()
#43 C:/Users/marcj/Documents/fams-laravel-backup/vendor/laravel/framework/src/Illuminate/Pipeline/Pipeline.php(209): Illuminate/Foundation/Http/Middleware/ConvertEmptyStringsToNull->handle()
#44 C:/Users/marcj/Documents/fams-laravel-backup/vendor/laravel/framework/src/Illuminate/Foundation/Http/Middleware/TransformsRequest.php(21): Illuminate/Pipeline/Pipeline->Illuminate/Pipeline/{closure}()
#45 C:/Users/marcj/Documents/fams-laravel-backup/vendor/laravel/framework/src/Illuminate/Foundation/Http/Middleware/TrimStrings.php(51): Illuminate/Foundation/Http/Middleware/TransformsRequest->handle()
#46 C:/Users/marcj/Documents/fams-laravel-backup/vendor/laravel/framework/src/Illuminate/Pipeline/Pipeline.php(209): Illuminate/Foundation/Http/Middleware/TrimStrings->handle()
#47 C:/Users/marcj/Documents/fams-laravel-backup/vendor/laravel/framework/src/Illuminate/Http/Middleware/ValidatePostSize.php(27): Illuminate/Pipeline/Pipeline->Illuminate/Pipeline/{closure}()
#48 C:/Users/marcj/Documents/fams-laravel-backup/vendor/laravel/framework/src/Illuminate/Pipeline/Pipeline.php(209): Illuminate/Http/Middleware/ValidatePostSize->handle()
#49 C:/Users/marcj/Documents/fams-laravel-backup/vendor/laravel/framework/src/Illuminate/Foundation/Http/Middleware/PreventRequestsDuringMaintenance.php(110): Illuminate/Pipeline/Pipeline->Illuminate/Pipeline/{closure}()
#50 C:/Users/marcj/Documents/fams-laravel-backup/vendor/laravel/framework/src/Illuminate/Pipeline/Pipeline.php(209): Illuminate/Foundation/Http/Middleware/PreventRequestsDuringMaintenance->handle()
#51 C:/Users/marcj/Documents/fams-laravel-backup/vendor/laravel/framework/src/Illuminate/Http/Middleware/HandleCors.php(49): Illuminate/Pipeline/Pipeline->Illuminate/Pipeline/{closure}()
#52 C:/Users/marcj/Documents/fams-laravel-backup/vendor/laravel/framework/src/Illuminate/Pipeline/Pipeline.php(209): Illuminate/Http/Middleware/HandleCors->handle()
#53 C:/Users/marcj/Documents/fams-laravel-backup/vendor/laravel/framework/src/Illuminate/Http/Middleware/TrustProxies.php(58): Illuminate/Pipeline/Pipeline->Illuminate/Pipeline/{closure}()
#54 C:/Users/marcj/Documents/fams-laravel-backup/vendor/laravel/framework/src/Illuminate/Pipeline/Pipeline.php(209): Illuminate/Http/Middleware/TrustProxies->handle()
#55 C:/Users/marcj/Documents/fams-laravel-backup/vendor/laravel/framework/src/Illuminate/Foundation/Http/Middleware/InvokeDeferredCallbacks.php(22): Illuminate/Pipeline/Pipeline->Illuminate/Pipeline/{closure}()
#56 C:/Users/marcj/Documents/fams-laravel-backup/vendor/laravel/framework/src/Illuminate/Pipeline/Pipeline.php(209): Illuminate/Foundation/Http/Middleware/InvokeDeferredCallbacks->handle()
#57 C:/Users/marcj/Documents/fams-laravel-backup/vendor/laravel/framework/src/Illuminate/Pipeline/Pipeline.php(127): Illuminate/Pipeline/Pipeline->Illuminate/Pipeline/{closure}()
#58 C:/Users/marcj/Documents/fams-laravel-backup/vendor/laravel/framework/src/Illuminate/Foundation/Http/Kernel.php(176): Illuminate/Pipeline/Pipeline->then()
#59 C:/Users/marcj/Documents/fams-laravel-backup/vendor/laravel/framework/src/Illuminate/Foundation/Http/Kernel.php(145): Illuminate/Foundation/Http/Kernel->sendRequestThroughRouter()
#60 C:/Users/marcj/Documents/fams-laravel-backup/vendor/laravel/framework/src/Illuminate/Foundation/Application.php(1220): Illuminate/Foundation/Http/Kernel->handle()
#61 C:/Users/marcj/Documents/fams-laravel-backup/public/index.php(15): Illuminate/Foundation/Application->handleRequest()
#62 C:/Users/marcj/Documents/fams-laravel-backup/vendor/laravel/framework/src/Illuminate/Foundation/resources/server.php(23): require_once('...')
#63 {main}
"} 
[2026-08-31 01:36:06] local.ERROR: Maximum execution time of 30 seconds exceeded {"exception":"[object] (Symfony\\Component\\ErrorHandler\\Error\\FatalError(code: 0): Maximum execution time of 30 seconds exceeded at C:/Users/marcj/Documents/fams-laravel-backup/vendor/composer/ClassLoader.php:429)
[stacktrace]
#0 {main}
"} 
[2026-09-01 04:08:12] local.ERROR: Namespace declaration statement has to be the very first statement or after any declare call in the script {"exception":"[object] (Symfony\\Component\\ErrorHandler\\Error\\FatalError(code: 0): Namespace declaration statement has to be the very first statement or after any declare call in the script at C:/Users/marcj/Documents/fams-laravel-backup/app/Http/Controllers/Auth/ChangePasswordController.php:3)
[stacktrace]
#0 {main}
"} 
[2026-09-01 04:09:12] local.ERROR: Namespace declaration statement has to be the very first statement or after any declare call in the script {"exception":"[object] (Symfony\\Component\\ErrorHandler\\Error\\FatalError(code: 0): Namespace declaration statement has to be the very first statement or after any declare call in the script at C:/Users/marcj/Documents/fams-laravel-backup/app/Http/Controllers/Auth/ChangePasswordController.php:3)
[stacktrace]
#0 {main}
"} 
[2026-09-01 23:31:57] local.ERROR: Maximum execution time of 30 seconds exceeded {"userId":2,"exception":"[object] (Symfony\\Component\\ErrorHandler\\Error\\FatalError(code: 0): Maximum execution time of 30 seconds exceeded at C:/Users/marcj/Documents/fams-laravel-backup/storage/framework/views/45622bc8dd2596af5c5b21d522e1d651.php:1)
[stacktrace]
#0 {main}
"} 
[2026-09-02 00:16:32] local.ERROR: cURL error 60: SSL certificate OpenSSL verify result: unable to get local issuer certificate (20) (see https://curl.se/libcurl/c/libcurl-errors.html) for https://generativelanguage.googleapis.com/v1beta/models/gemini-2.5-flash:generateContent {"userId":2,"exception":"[object] (GuzzleHttp\\Exception\\RequestException(code: 0): cURL error 60: SSL certificate OpenSSL verify result: unable to get local issuer certificate (20) (see https://curl.se/libcurl/c/libcurl-errors.html) for https://generativelanguage.googleapis.com/v1beta/models/gemini-2.5-flash:generateContent at C:/Users/marcj/Documents/fams-laravel-backup/vendor/guzzlehttp/guzzle/src/Handler/CurlFactory.php:1141)
[stacktrace]
#0 C:/Users/marcj/Documents/fams-laravel-backup/vendor/guzzlehttp/guzzle/src/Handler/CurlFactory.php(1077): GuzzleHttp/Handler/CurlFactory::createRejection()
#1 C:/Users/marcj/Documents/fams-laravel-backup/vendor/guzzlehttp/guzzle/src/Handler/CurlFactory.php(1014): GuzzleHttp/Handler/CurlFactory::finishError()
#2 C:/Users/marcj/Documents/fams-laravel-backup/vendor/guzzlehttp/guzzle/src/Handler/CurlHandler.php(88): GuzzleHttp/Handler/CurlFactory::finish()
#3 C:/Users/marcj/Documents/fams-laravel-backup/vendor/guzzlehttp/guzzle/src/Handler/Proxy.php(28): GuzzleHttp/Handler/CurlHandler->__invoke()
#4 C:/Users/marcj/Documents/fams-laravel-backup/vendor/guzzlehttp/guzzle/src/Handler/Proxy.php(68): GuzzleHttp/Handler/Proxy::GuzzleHttp/Handler/{closure}()
#5 C:/Users/marcj/Documents/fams-laravel-backup/vendor/guzzlehttp/guzzle/src/Handler/Proxy.php(48): GuzzleHttp/Handler/Proxy::GuzzleHttp/Handler/{closure}()
#6 C:/Users/marcj/Documents/fams-laravel-backup/vendor/laravel/framework/src/Illuminate/Http/Client/PendingRequest.php(1340): GuzzleHttp/Handler/Proxy::GuzzleHttp/Handler/{closure}()
#7 C:/Users/marcj/Documents/fams-laravel-backup/vendor/laravel/framework/src/Illuminate/Http/Client/PendingRequest.php(1306): Illuminate/Http/Client/PendingRequest->Illuminate/Http/Client/{closure}()
#8 C:/Users/marcj/Documents/fams-laravel-backup/vendor/laravel/framework/src/Illuminate/Http/Client/PendingRequest.php(1292): Illuminate/Http/Client/PendingRequest->Illuminate/Http/Client/{closure}()
#9 C:/Users/marcj/Documents/fams-laravel-backup/vendor/guzzlehttp/guzzle/src/PrepareBodyMiddleware.php(64): Illuminate/Http/Client/PendingRequest->Illuminate/Http/Client/{closure}()
#10 C:/Users/marcj/Documents/fams-laravel-backup/vendor/guzzlehttp/guzzle/src/Middleware.php(38): GuzzleHttp/PrepareBodyMiddleware->__invoke()
#11 C:/Users/marcj/Documents/fams-laravel-backup/vendor/guzzlehttp/guzzle/src/RedirectMiddleware.php(72): GuzzleHttp/Middleware::GuzzleHttp/{closure}()
#12 C:/Users/marcj/Documents/fams-laravel-backup/vendor/guzzlehttp/guzzle/src/Middleware.php(63): GuzzleHttp/RedirectMiddleware->__invoke()
#13 C:/Users/marcj/Documents/fams-laravel-backup/vendor/guzzlehttp/guzzle/src/HandlerStack.php(75): GuzzleHttp/Middleware::GuzzleHttp/{closure}()
#14 C:/Users/marcj/Documents/fams-laravel-backup/vendor/guzzlehttp/guzzle/src/Client.php(1109): GuzzleHttp/HandlerStack->__invoke()
#15 C:/Users/marcj/Documents/fams-laravel-backup/vendor/guzzlehttp/guzzle/src/Client.php(243): GuzzleHttp/Client->transfer()
#16 C:/Users/marcj/Documents/fams-laravel-backup/vendor/guzzlehttp/guzzle/src/Client.php(273): GuzzleHttp/Client->requestAsync()
#17 C:/Users/marcj/Documents/fams-laravel-backup/vendor/laravel/framework/src/Illuminate/Http/Client/PendingRequest.php(1138): GuzzleHttp/Client->request()
#18 C:/Users/marcj/Documents/fams-laravel-backup/vendor/laravel/framework/src/Illuminate/Http/Client/PendingRequest.php(907): Illuminate/Http/Client/PendingRequest->sendRequest()
#19 C:/Users/marcj/Documents/fams-laravel-backup/vendor/laravel/framework/src/Illuminate/Support/helpers.php(338): Illuminate/Http/Client/PendingRequest->Illuminate/Http/Client/{closure}()
#20 C:/Users/marcj/Documents/fams-laravel-backup/vendor/laravel/framework/src/Illuminate/Http/Client/PendingRequest.php(905): retry()
#21 C:/Users/marcj/Documents/fams-laravel-backup/vendor/laravel/framework/src/Illuminate/Http/Client/PendingRequest.php(804): Illuminate/Http/Client/PendingRequest->send()
#22 C:/Users/marcj/Documents/fams-laravel-backup/app/Services/AiAssistService.php(116): Illuminate/Http/Client/PendingRequest->post()
#23 C:/Users/marcj/Documents/fams-laravel-backup/app/Services/AiAssistService.php(232): App/Services/AiAssistService->llm()
#24 C:/Users/marcj/Documents/fams-laravel-backup/app/Services/AiAssistService.php(55): App/Services/AiAssistService->classify()
#25 C:/Users/marcj/Documents/fams-laravel-backup/app/Http/Controllers/VisitorController.php(83): App/Services/AiAssistService->assist()
#26 C:/Users/marcj/Documents/fams-laravel-backup/vendor/laravel/framework/src/Illuminate/Routing/ControllerDispatcher.php(47): App/Http/Controllers/VisitorController->aiAssist()
#27 C:/Users/marcj/Documents/fams-laravel-backup/vendor/laravel/framework/src/Illuminate/Routing/Route.php(266): Illuminate/Routing/ControllerDispatcher->dispatch()
#28 C:/Users/marcj/Documents/fams-laravel-backup/vendor/laravel/framework/src/Illuminate/Routing/Route.php(212): Illuminate/Routing/Route->runController()
#29 C:/Users/marcj/Documents/fams-laravel-backup/vendor/laravel/framework/src/Illuminate/Routing/Router.php(808): Illuminate/Routing/Route->run()
#30 C:/Users/marcj/Documents/fams-laravel-backup/vendor/laravel/framework/src/Illuminate/Pipeline/Pipeline.php(170): Illuminate/Routing/Router->Illuminate/Routing/{closure}()
#31 C:/Users/marcj/Documents/fams-laravel-backup/app/Http/Middleware/EnsureUserHasRole.php(27): Illuminate/Pipeline/Pipeline->Illuminate/Pipeline/{closure}()
#32 C:/Users/marcj/Documents/fams-laravel-backup/vendor/laravel/framework/src/Illuminate/Pipeline/Pipeline.php(209): App/Http/Middleware/EnsureUserHasRole->handle()
#33 C:/Users/marcj/Documents/fams-laravel-backup/app/Http/Middleware/ForcePasswordChange.php(26): Illuminate/Pipeline/Pipeline->Illuminate/Pipeline/{closure}()
#34 C:/Users/marcj/Documents/fams-laravel-backup/vendor/laravel/framework/src/Illuminate/Pipeline/Pipeline.php(209): App/Http/Middleware/ForcePasswordChange->handle()
#35 C:/Users/marcj/Documents/fams-laravel-backup/app/Http/Middleware/EnsureActiveAccount.php(26): Illuminate/Pipeline/Pipeline->Illuminate/Pipeline/{closure}()
#36 C:/Users/marcj/Documents/fams-laravel-backup/vendor/laravel/framework/src/Illuminate/Pipeline/Pipeline.php(209): App/Http/Middleware/EnsureActiveAccount->handle()
#37 C:/Users/marcj/Documents/fams-laravel-backup/vendor/laravel/framework/src/Illuminate/Routing/Middleware/SubstituteBindings.php(51): Illuminate/Pipeline/Pipeline->Illuminate/Pipeline/{closure}()
#38 C:/Users/marcj/Documents/fams-laravel-backup/vendor/laravel/framework/src/Illuminate/Pipeline/Pipeline.php(209): Illuminate/Routing/Middleware/SubstituteBindings->handle()
#39 C:/Users/marcj/Documents/fams-laravel-backup/vendor/laravel/framework/src/Illuminate/Auth/Middleware/Authenticate.php(64): Illuminate/Pipeline/Pipeline->Illuminate/Pipeline/{closure}()
#40 C:/Users/marcj/Documents/fams-laravel-backup/vendor/laravel/framework/src/Illuminate/Pipeline/Pipeline.php(209): Illuminate/Auth/Middleware/Authenticate->handle()
#41 C:/Users/marcj/Documents/fams-laravel-backup/vendor/laravel/framework/src/Illuminate/Foundation/Http/Middleware/VerifyCsrfToken.php(88): Illuminate/Pipeline/Pipeline->Illuminate/Pipeline/{closure}()
#42 C:/Users/marcj/Documents/fams-laravel-backup/vendor/laravel/framework/src/Illuminate/Pipeline/Pipeline.php(209): Illuminate/Foundation/Http/Middleware/VerifyCsrfToken->handle()
#43 C:/Users/marcj/Documents/fams-laravel-backup/vendor/laravel/framework/src/Illuminate/View/Middleware/ShareErrorsFromSession.php(49): Illuminate/Pipeline/Pipeline->Illuminate/Pipeline/{closure}()
#44 C:/Users/marcj/Documents/fams-laravel-backup/vendor/laravel/framework/src/Illuminate/Pipeline/Pipeline.php(209): Illuminate/View/Middleware/ShareErrorsFromSession->handle()
#45 C:/Users/marcj/Documents/fams-laravel-backup/vendor/laravel/framework/src/Illuminate/Session/Middleware/StartSession.php(121): Illuminate/Pipeline/Pipeline->Illuminate/Pipeline/{closure}()
#46 C:/Users/marcj/Documents/fams-laravel-backup/vendor/laravel/framework/src/Illuminate/Session/Middleware/StartSession.php(64): Illuminate/Session/Middleware/StartSession->handleStatefulRequest()
#47 C:/Users/marcj/Documents/fams-laravel-backup/vendor/laravel/framework/src/Illuminate/Pipeline/Pipeline.php(209): Illuminate/Session/Middleware/StartSession->handle()
#48 C:/Users/marcj/Documents/fams-laravel-backup/vendor/laravel/framework/src/Illuminate/Cookie/Middleware/AddQueuedCookiesToResponse.php(37): Illuminate/Pipeline/Pipeline->Illuminate/Pipeline/{closure}()
#49 C:/Users/marcj/Documents/fams-laravel-backup/vendor/laravel/framework/src/Illuminate/Pipeline/Pipeline.php(209): Illuminate/Cookie/Middleware/AddQueuedCookiesToResponse->handle()
#50 C:/Users/marcj/Documents/fams-laravel-backup/vendor/laravel/framework/src/Illuminate/Cookie/Middleware/EncryptCookies.php(75): Illuminate/Pipeline/Pipeline->Illuminate/Pipeline/{closure}()
#51 C:/Users/marcj/Documents/fams-laravel-backup/vendor/laravel/framework/src/Illuminate/Pipeline/Pipeline.php(209): Illuminate/Cookie/Middleware/EncryptCookies->handle()
#52 C:/Users/marcj/Documents/fams-laravel-backup/vendor/laravel/framework/src/Illuminate/Pipeline/Pipeline.php(127): Illuminate/Pipeline/Pipeline->Illuminate/Pipeline/{closure}()
#53 C:/Users/marcj/Documents/fams-laravel-backup/vendor/laravel/framework/src/Illuminate/Routing/Router.php(807): Illuminate/Pipeline/Pipeline->then()
#54 C:/Users/marcj/Documents/fams-laravel-backup/vendor/laravel/framework/src/Illuminate/Routing/Router.php(786): Illuminate/Routing/Router->runRouteWithinStack()
#55 C:/Users/marcj/Documents/fams-laravel-backup/vendor/laravel/framework/src/Illuminate/Routing/Router.php(750): Illuminate/Routing/Router->runRoute()
#56 C:/Users/marcj/Documents/fams-laravel-backup/vendor/laravel/framework/src/Illuminate/Routing/Router.php(739): Illuminate/Routing/Router->dispatchToRoute()
#57 C:/Users/marcj/Documents/fams-laravel-backup/vendor/laravel/framework/src/Illuminate/Foundation/Http/Kernel.php(201): Illuminate/Routing/Router->dispatch()
#58 C:/Users/marcj/Documents/fams-laravel-backup/vendor/laravel/framework/src/Illuminate/Pipeline/Pipeline.php(170): Illuminate/Foundation/Http/Kernel->Illuminate/Foundation/Http/{closure}()
#59 C:/Users/marcj/Documents/fams-laravel-backup/vendor/laravel/framework/src/Illuminate/Foundation/Http/Middleware/TransformsRequest.php(21): Illuminate/Pipeline/Pipeline->Illuminate/Pipeline/{closure}()
#60 C:/Users/marcj/Documents/fams-laravel-backup/vendor/laravel/framework/src/Illuminate/Foundation/Http/Middleware/ConvertEmptyStringsToNull.php(31): Illuminate/Foundation/Http/Middleware/TransformsRequest->handle()
#61 C:/Users/marcj/Documents/fams-laravel-backup/vendor/laravel/framework/src/Illuminate/Pipeline/Pipeline.php(209): Illuminate/Foundation/Http/Middleware/ConvertEmptyStringsToNull->handle()
#62 C:/Users/marcj/Documents/fams-laravel-backup/vendor/laravel/framework/src/Illuminate/Foundation/Http/Middleware/TransformsRequest.php(21): Illuminate/Pipeline/Pipeline->Illuminate/Pipeline/{closure}()
#63 C:/Users/marcj/Documents/fams-laravel-backup/vendor/laravel/framework/src/Illuminate/Foundation/Http/Middleware/TrimStrings.php(51): Illuminate/Foundation/Http/Middleware/TransformsRequest->handle()
#64 C:/Users/marcj/Documents/fams-laravel-backup/vendor/laravel/framework/src/Illuminate/Pipeline/Pipeline.php(209): Illuminate/Foundation/Http/Middleware/TrimStrings->handle()
#65 C:/Users/marcj/Documents/fams-laravel-backup/vendor/laravel/framework/src/Illuminate/Http/Middleware/ValidatePostSize.php(27): Illuminate/Pipeline/Pipeline->Illuminate/Pipeline/{closure}()
#66 C:/Users/marcj/Documents/fams-laravel-backup/vendor/laravel/framework/src/Illuminate/Pipeline/Pipeline.php(209): Illuminate/Http/Middleware/ValidatePostSize->handle()
#67 C:/Users/marcj/Documents/fams-laravel-backup/vendor/laravel/framework/src/Illuminate/Foundation/Http/Middleware/PreventRequestsDuringMaintenance.php(110): Illuminate/Pipeline/Pipeline->Illuminate/Pipeline/{closure}()
#68 C:/Users/marcj/Documents/fams-laravel-backup/vendor/laravel/framework/src/Illuminate/Pipeline/Pipeline.php(209): Illuminate/Foundation/Http/Middleware/PreventRequestsDuringMaintenance->handle()
#69 C:/Users/marcj/Documents/fams-laravel-backup/vendor/laravel/framework/src/Illuminate/Http/Middleware/HandleCors.php(49): Illuminate/Pipeline/Pipeline->Illuminate/Pipeline/{closure}()
#70 C:/Users/marcj/Documents/fams-laravel-backup/vendor/laravel/framework/src/Illuminate/Pipeline/Pipeline.php(209): Illuminate/Http/Middleware/HandleCors->handle()
#71 C:/Users/marcj/Documents/fams-laravel-backup/vendor/laravel/framework/src/Illuminate/Http/Middleware/TrustProxies.php(58): Illuminate/Pipeline/Pipeline->Illuminate/Pipeline/{closure}()
#72 C:/Users/marcj/Documents/fams-laravel-backup/vendor/laravel/framework/src/Illuminate/Pipeline/Pipeline.php(209): Illuminate/Http/Middleware/TrustProxies->handle()
#73 C:/Users/marcj/Documents/fams-laravel-backup/vendor/laravel/framework/src/Illuminate/Foundation/Http/Middleware/InvokeDeferredCallbacks.php(22): Illuminate/Pipeline/Pipeline->Illuminate/Pipeline/{closure}()
#74 C:/Users/marcj/Documents/fams-laravel-backup/vendor/laravel/framework/src/Illuminate/Pipeline/Pipeline.php(209): Illuminate/Foundation/Http/Middleware/InvokeDeferredCallbacks->handle()
#75 C:/Users/marcj/Documents/fams-laravel-backup/vendor/laravel/framework/src/Illuminate/Pipeline/Pipeline.php(127): Illuminate/Pipeline/Pipeline->Illuminate/Pipeline/{closure}()
#76 C:/Users/marcj/Documents/fams-laravel-backup/vendor/laravel/framework/src/Illuminate/Foundation/Http/Kernel.php(176): Illuminate/Pipeline/Pipeline->then()
#77 C:/Users/marcj/Documents/fams-laravel-backup/vendor/laravel/framework/src/Illuminate/Foundation/Http/Kernel.php(145): Illuminate/Foundation/Http/Kernel->sendRequestThroughRouter()
#78 C:/Users/marcj/Documents/fams-laravel-backup/vendor/laravel/framework/src/Illuminate/Foundation/Application.php(1220): Illuminate/Foundation/Http/Kernel->handle()
#79 C:/Users/marcj/Documents/fams-laravel-backup/public/index.php(15): Illuminate/Foundation/Application->handleRequest()
#80 C:/Users/marcj/Documents/fams-laravel-backup/vendor/laravel/framework/src/Illuminate/Foundation/resources/server.php(23): require_once('...')
#81 {main}
"} 
[2026-09-02 00:17:57] local.ERROR: cURL error 60: SSL certificate OpenSSL verify result: unable to get local issuer certificate (20) (see https://curl.se/libcurl/c/libcurl-errors.html) for https://generativelanguage.googleapis.com/v1beta/models/gemini-2.5-flash:generateContent {"userId":2,"exception":"[object] (GuzzleHttp\\Exception\\RequestException(code: 0): cURL error 60: SSL certificate OpenSSL verify result: unable to get local issuer certificate (20) (see https://curl.se/libcurl/c/libcurl-errors.html) for https://generativelanguage.googleapis.com/v1beta/models/gemini-2.5-flash:generateContent at C:/Users/marcj/Documents/fams-laravel-backup/vendor/guzzlehttp/guzzle/src/Handler/CurlFactory.php:1141)
[stacktrace]
#0 C:/Users/marcj/Documents/fams-laravel-backup/vendor/guzzlehttp/guzzle/src/Handler/CurlFactory.php(1077): GuzzleHttp/Handler/CurlFactory::createRejection()
#1 C:/Users/marcj/Documents/fams-laravel-backup/vendor/guzzlehttp/guzzle/src/Handler/CurlFactory.php(1014): GuzzleHttp/Handler/CurlFactory::finishError()
#2 C:/Users/marcj/Documents/fams-laravel-backup/vendor/guzzlehttp/guzzle/src/Handler/CurlHandler.php(88): GuzzleHttp/Handler/CurlFactory::finish()
#3 C:/Users/marcj/Documents/fams-laravel-backup/vendor/guzzlehttp/guzzle/src/Handler/Proxy.php(28): GuzzleHttp/Handler/CurlHandler->__invoke()
#4 C:/Users/marcj/Documents/fams-laravel-backup/vendor/guzzlehttp/guzzle/src/Handler/Proxy.php(68): GuzzleHttp/Handler/Proxy::GuzzleHttp/Handler/{closure}()
#5 C:/Users/marcj/Documents/fams-laravel-backup/vendor/guzzlehttp/guzzle/src/Handler/Proxy.php(48): GuzzleHttp/Handler/Proxy::GuzzleHttp/Handler/{closure}()
#6 C:/Users/marcj/Documents/fams-laravel-backup/vendor/laravel/framework/src/Illuminate/Http/Client/PendingRequest.php(1340): GuzzleHttp/Handler/Proxy::GuzzleHttp/Handler/{closure}()
#7 C:/Users/marcj/Documents/fams-laravel-backup/vendor/laravel/framework/src/Illuminate/Http/Client/PendingRequest.php(1306): Illuminate/Http/Client/PendingRequest->Illuminate/Http/Client/{closure}()
#8 C:/Users/marcj/Documents/fams-laravel-backup/vendor/laravel/framework/src/Illuminate/Http/Client/PendingRequest.php(1292): Illuminate/Http/Client/PendingRequest->Illuminate/Http/Client/{closure}()
#9 C:/Users/marcj/Documents/fams-laravel-backup/vendor/guzzlehttp/guzzle/src/PrepareBodyMiddleware.php(64): Illuminate/Http/Client/PendingRequest->Illuminate/Http/Client/{closure}()
#10 C:/Users/marcj/Documents/fams-laravel-backup/vendor/guzzlehttp/guzzle/src/Middleware.php(38): GuzzleHttp/PrepareBodyMiddleware->__invoke()
#11 C:/Users/marcj/Documents/fams-laravel-backup/vendor/guzzlehttp/guzzle/src/RedirectMiddleware.php(72): GuzzleHttp/Middleware::GuzzleHttp/{closure}()
#12 C:/Users/marcj/Documents/fams-laravel-backup/vendor/guzzlehttp/guzzle/src/Middleware.php(63): GuzzleHttp/RedirectMiddleware->__invoke()
#13 C:/Users/marcj/Documents/fams-laravel-backup/vendor/guzzlehttp/guzzle/src/HandlerStack.php(75): GuzzleHttp/Middleware::GuzzleHttp/{closure}()
#14 C:/Users/marcj/Documents/fams-laravel-backup/vendor/guzzlehttp/guzzle/src/Client.php(1109): GuzzleHttp/HandlerStack->__invoke()
#15 C:/Users/marcj/Documents/fams-laravel-backup/vendor/guzzlehttp/guzzle/src/Client.php(243): GuzzleHttp/Client->transfer()
#16 C:/Users/marcj/Documents/fams-laravel-backup/vendor/guzzlehttp/guzzle/src/Client.php(273): GuzzleHttp/Client->requestAsync()
#17 C:/Users/marcj/Documents/fams-laravel-backup/vendor/laravel/framework/src/Illuminate/Http/Client/PendingRequest.php(1138): GuzzleHttp/Client->request()
#18 C:/Users/marcj/Documents/fams-laravel-backup/vendor/laravel/framework/src/Illuminate/Http/Client/PendingRequest.php(907): Illuminate/Http/Client/PendingRequest->sendRequest()
#19 C:/Users/marcj/Documents/fams-laravel-backup/vendor/laravel/framework/src/Illuminate/Support/helpers.php(338): Illuminate/Http/Client/PendingRequest->Illuminate/Http/Client/{closure}()
#20 C:/Users/marcj/Documents/fams-laravel-backup/vendor/laravel/framework/src/Illuminate/Http/Client/PendingRequest.php(905): retry()
#21 C:/Users/marcj/Documents/fams-laravel-backup/vendor/laravel/framework/src/Illuminate/Http/Client/PendingRequest.php(804): Illuminate/Http/Client/PendingRequest->send()
#22 C:/Users/marcj/Documents/fams-laravel-backup/app/Services/AiAssistService.php(116): Illuminate/Http/Client/PendingRequest->post()
#23 C:/Users/marcj/Documents/fams-laravel-backup/app/Services/AiAssistService.php(331): App/Services/AiAssistService->llm()
#24 C:/Users/marcj/Documents/fams-laravel-backup/app/Services/AiAssistService.php(57): App/Services/AiAssistService->appointmentCheck()
#25 C:/Users/marcj/Documents/fams-laravel-backup/app/Http/Controllers/VisitorController.php(83): App/Services/AiAssistService->assist()
#26 C:/Users/marcj/Documents/fams-laravel-backup/vendor/laravel/framework/src/Illuminate/Routing/ControllerDispatcher.php(47): App/Http/Controllers/VisitorController->aiAssist()
#27 C:/Users/marcj/Documents/fams-laravel-backup/vendor/laravel/framework/src/Illuminate/Routing/Route.php(266): Illuminate/Routing/ControllerDispatcher->dispatch()
#28 C:/Users/marcj/Documents/fams-laravel-backup/vendor/laravel/framework/src/Illuminate/Routing/Route.php(212): Illuminate/Routing/Route->runController()
#29 C:/Users/marcj/Documents/fams-laravel-backup/vendor/laravel/framework/src/Illuminate/Routing/Router.php(808): Illuminate/Routing/Route->run()
#30 C:/Users/marcj/Documents/fams-laravel-backup/vendor/laravel/framework/src/Illuminate/Pipeline/Pipeline.php(170): Illuminate/Routing/Router->Illuminate/Routing/{closure}()
#31 C:/Users/marcj/Documents/fams-laravel-backup/app/Http/Middleware/EnsureUserHasRole.php(27): Illuminate/Pipeline/Pipeline->Illuminate/Pipeline/{closure}()
#32 C:/Users/marcj/Documents/fams-laravel-backup/vendor/laravel/framework/src/Illuminate/Pipeline/Pipeline.php(209): App/Http/Middleware/EnsureUserHasRole->handle()
#33 C:/Users/marcj/Documents/fams-laravel-backup/app/Http/Middleware/ForcePasswordChange.php(26): Illuminate/Pipeline/Pipeline->Illuminate/Pipeline/{closure}()
#34 C:/Users/marcj/Documents/fams-laravel-backup/vendor/laravel/framework/src/Illuminate/Pipeline/Pipeline.php(209): App/Http/Middleware/ForcePasswordChange->handle()
#35 C:/Users/marcj/Documents/fams-laravel-backup/app/Http/Middleware/EnsureActiveAccount.php(26): Illuminate/Pipeline/Pipeline->Illuminate/Pipeline/{closure}()
#36 C:/Users/marcj/Documents/fams-laravel-backup/vendor/laravel/framework/src/Illuminate/Pipeline/Pipeline.php(209): App/Http/Middleware/EnsureActiveAccount->handle()
#37 C:/Users/marcj/Documents/fams-laravel-backup/vendor/laravel/framework/src/Illuminate/Routing/Middleware/SubstituteBindings.php(51): Illuminate/Pipeline/Pipeline->Illuminate/Pipeline/{closure}()
#38 C:/Users/marcj/Documents/fams-laravel-backup/vendor/laravel/framework/src/Illuminate/Pipeline/Pipeline.php(209): Illuminate/Routing/Middleware/SubstituteBindings->handle()
#39 C:/Users/marcj/Documents/fams-laravel-backup/vendor/laravel/framework/src/Illuminate/Auth/Middleware/Authenticate.php(64): Illuminate/Pipeline/Pipeline->Illuminate/Pipeline/{closure}()
#40 C:/Users/marcj/Documents/fams-laravel-backup/vendor/laravel/framework/src/Illuminate/Pipeline/Pipeline.php(209): Illuminate/Auth/Middleware/Authenticate->handle()
#41 C:/Users/marcj/Documents/fams-laravel-backup/vendor/laravel/framework/src/Illuminate/Foundation/Http/Middleware/VerifyCsrfToken.php(88): Illuminate/Pipeline/Pipeline->Illuminate/Pipeline/{closure}()
#42 C:/Users/marcj/Documents/fams-laravel-backup/vendor/laravel/framework/src/Illuminate/Pipeline/Pipeline.php(209): Illuminate/Foundation/Http/Middleware/VerifyCsrfToken->handle()
#43 C:/Users/marcj/Documents/fams-laravel-backup/vendor/laravel/framework/src/Illuminate/View/Middleware/ShareErrorsFromSession.php(49): Illuminate/Pipeline/Pipeline->Illuminate/Pipeline/{closure}()
#44 C:/Users/marcj/Documents/fams-laravel-backup/vendor/laravel/framework/src/Illuminate/Pipeline/Pipeline.php(209): Illuminate/View/Middleware/ShareErrorsFromSession->handle()
#45 C:/Users/marcj/Documents/fams-laravel-backup/vendor/laravel/framework/src/Illuminate/Session/Middleware/StartSession.php(121): Illuminate/Pipeline/Pipeline->Illuminate/Pipeline/{closure}()
#46 C:/Users/marcj/Documents/fams-laravel-backup/vendor/laravel/framework/src/Illuminate/Session/Middleware/StartSession.php(64): Illuminate/Session/Middleware/StartSession->handleStatefulRequest()
#47 C:/Users/marcj/Documents/fams-laravel-backup/vendor/laravel/framework/src/Illuminate/Pipeline/Pipeline.php(209): Illuminate/Session/Middleware/StartSession->handle()
#48 C:/Users/marcj/Documents/fams-laravel-backup/vendor/laravel/framework/src/Illuminate/Cookie/Middleware/AddQueuedCookiesToResponse.php(37): Illuminate/Pipeline/Pipeline->Illuminate/Pipeline/{closure}()
#49 C:/Users/marcj/Documents/fams-laravel-backup/vendor/laravel/framework/src/Illuminate/Pipeline/Pipeline.php(209): Illuminate/Cookie/Middleware/AddQueuedCookiesToResponse->handle()
#50 C:/Users/marcj/Documents/fams-laravel-backup/vendor/laravel/framework/src/Illuminate/Cookie/Middleware/EncryptCookies.php(75): Illuminate/Pipeline/Pipeline->Illuminate/Pipeline/{closure}()
#51 C:/Users/marcj/Documents/fams-laravel-backup/vendor/laravel/framework/src/Illuminate/Pipeline/Pipeline.php(209): Illuminate/Cookie/Middleware/EncryptCookies->handle()
#52 C:/Users/marcj/Documents/fams-laravel-backup/vendor/laravel/framework/src/Illuminate/Pipeline/Pipeline.php(127): Illuminate/Pipeline/Pipeline->Illuminate/Pipeline/{closure}()
#53 C:/Users/marcj/Documents/fams-laravel-backup/vendor/laravel/framework/src/Illuminate/Routing/Router.php(807): Illuminate/Pipeline/Pipeline->then()
#54 C:/Users/marcj/Documents/fams-laravel-backup/vendor/laravel/framework/src/Illuminate/Routing/Router.php(786): Illuminate/Routing/Router->runRouteWithinStack()
#55 C:/Users/marcj/Documents/fams-laravel-backup/vendor/laravel/framework/src/Illuminate/Routing/Router.php(750): Illuminate/Routing/Router->runRoute()
#56 C:/Users/marcj/Documents/fams-laravel-backup/vendor/laravel/framework/src/Illuminate/Routing/Router.php(739): Illuminate/Routing/Router->dispatchToRoute()
#57 C:/Users/marcj/Documents/fams-laravel-backup/vendor/laravel/framework/src/Illuminate/Foundation/Http/Kernel.php(201): Illuminate/Routing/Router->dispatch()
#58 C:/Users/marcj/Documents/fams-laravel-backup/vendor/laravel/framework/src/Illuminate/Pipeline/Pipeline.php(170): Illuminate/Foundation/Http/Kernel->Illuminate/Foundation/Http/{closure}()
#59 C:/Users/marcj/Documents/fams-laravel-backup/vendor/laravel/framework/src/Illuminate/Foundation/Http/Middleware/TransformsRequest.php(21): Illuminate/Pipeline/Pipeline->Illuminate/Pipeline/{closure}()
#60 C:/Users/marcj/Documents/fams-laravel-backup/vendor/laravel/framework/src/Illuminate/Foundation/Http/Middleware/ConvertEmptyStringsToNull.php(31): Illuminate/Foundation/Http/Middleware/TransformsRequest->handle()
#61 C:/Users/marcj/Documents/fams-laravel-backup/vendor/laravel/framework/src/Illuminate/Pipeline/Pipeline.php(209): Illuminate/Foundation/Http/Middleware/ConvertEmptyStringsToNull->handle()
#62 C:/Users/marcj/Documents/fams-laravel-backup/vendor/laravel/framework/src/Illuminate/Foundation/Http/Middleware/TransformsRequest.php(21): Illuminate/Pipeline/Pipeline->Illuminate/Pipeline/{closure}()
#63 C:/Users/marcj/Documents/fams-laravel-backup/vendor/laravel/framework/src/Illuminate/Foundation/Http/Middleware/TrimStrings.php(51): Illuminate/Foundation/Http/Middleware/TransformsRequest->handle()
#64 C:/Users/marcj/Documents/fams-laravel-backup/vendor/laravel/framework/src/Illuminate/Pipeline/Pipeline.php(209): Illuminate/Foundation/Http/Middleware/TrimStrings->handle()
#65 C:/Users/marcj/Documents/fams-laravel-backup/vendor/laravel/framework/src/Illuminate/Http/Middleware/ValidatePostSize.php(27): Illuminate/Pipeline/Pipeline->Illuminate/Pipeline/{closure}()
#66 C:/Users/marcj/Documents/fams-laravel-backup/vendor/laravel/framework/src/Illuminate/Pipeline/Pipeline.php(209): Illuminate/Http/Middleware/ValidatePostSize->handle()
#67 C:/Users/marcj/Documents/fams-laravel-backup/vendor/laravel/framework/src/Illuminate/Foundation/Http/Middleware/PreventRequestsDuringMaintenance.php(110): Illuminate/Pipeline/Pipeline->Illuminate/Pipeline/{closure}()
#68 C:/Users/marcj/Documents/fams-laravel-backup/vendor/laravel/framework/src/Illuminate/Pipeline/Pipeline.php(209): Illuminate/Foundation/Http/Middleware/PreventRequestsDuringMaintenance->handle()
#69 C:/Users/marcj/Documents/fams-laravel-backup/vendor/laravel/framework/src/Illuminate/Http/Middleware/HandleCors.php(49): Illuminate/Pipeline/Pipeline->Illuminate/Pipeline/{closure}()
#70 C:/Users/marcj/Documents/fams-laravel-backup/vendor/laravel/framework/src/Illuminate/Pipeline/Pipeline.php(209): Illuminate/Http/Middleware/HandleCors->handle()
#71 C:/Users/marcj/Documents/fams-laravel-backup/vendor/laravel/framework/src/Illuminate/Http/Middleware/TrustProxies.php(58): Illuminate/Pipeline/Pipeline->Illuminate/Pipeline/{closure}()
#72 C:/Users/marcj/Documents/fams-laravel-backup/vendor/laravel/framework/src/Illuminate/Pipeline/Pipeline.php(209): Illuminate/Http/Middleware/TrustProxies->handle()
#73 C:/Users/marcj/Documents/fams-laravel-backup/vendor/laravel/framework/src/Illuminate/Foundation/Http/Middleware/InvokeDeferredCallbacks.php(22): Illuminate/Pipeline/Pipeline->Illuminate/Pipeline/{closure}()
#74 C:/Users/marcj/Documents/fams-laravel-backup/vendor/laravel/framework/src/Illuminate/Pipeline/Pipeline.php(209): Illuminate/Foundation/Http/Middleware/InvokeDeferredCallbacks->handle()
#75 C:/Users/marcj/Documents/fams-laravel-backup/vendor/laravel/framework/src/Illuminate/Pipeline/Pipeline.php(127): Illuminate/Pipeline/Pipeline->Illuminate/Pipeline/{closure}()
#76 C:/Users/marcj/Documents/fams-laravel-backup/vendor/laravel/framework/src/Illuminate/Foundation/Http/Kernel.php(176): Illuminate/Pipeline/Pipeline->then()
#77 C:/Users/marcj/Documents/fams-laravel-backup/vendor/laravel/framework/src/Illuminate/Foundation/Http/Kernel.php(145): Illuminate/Foundation/Http/Kernel->sendRequestThroughRouter()
#78 C:/Users/marcj/Documents/fams-laravel-backup/vendor/laravel/framework/src/Illuminate/Foundation/Application.php(1220): Illuminate/Foundation/Http/Kernel->handle()
#79 C:/Users/marcj/Documents/fams-laravel-backup/public/index.php(15): Illuminate/Foundation/Application->handleRequest()
#80 C:/Users/marcj/Documents/fams-laravel-backup/vendor/laravel/framework/src/Illuminate/Foundation/resources/server.php(23): require_once('...')
#81 {main}
"} 
[2026-09-02 00:18:05] local.ERROR: cURL error 60: SSL certificate OpenSSL verify result: unable to get local issuer certificate (20) (see https://curl.se/libcurl/c/libcurl-errors.html) for https://generativelanguage.googleapis.com/v1beta/models/gemini-2.5-flash:generateContent {"userId":2,"exception":"[object] (GuzzleHttp\\Exception\\RequestException(code: 0): cURL error 60: SSL certificate OpenSSL verify result: unable to get local issuer certificate (20) (see https://curl.se/libcurl/c/libcurl-errors.html) for https://generativelanguage.googleapis.com/v1beta/models/gemini-2.5-flash:generateContent at C:/Users/marcj/Documents/fams-laravel-backup/vendor/guzzlehttp/guzzle/src/Handler/CurlFactory.php:1141)
[stacktrace]
#0 C:/Users/marcj/Documents/fams-laravel-backup/vendor/guzzlehttp/guzzle/src/Handler/CurlFactory.php(1077): GuzzleHttp/Handler/CurlFactory::createRejection()
#1 C:/Users/marcj/Documents/fams-laravel-backup/vendor/guzzlehttp/guzzle/src/Handler/CurlFactory.php(1014): GuzzleHttp/Handler/CurlFactory::finishError()
#2 C:/Users/marcj/Documents/fams-laravel-backup/vendor/guzzlehttp/guzzle/src/Handler/CurlHandler.php(88): GuzzleHttp/Handler/CurlFactory::finish()
#3 C:/Users/marcj/Documents/fams-laravel-backup/vendor/guzzlehttp/guzzle/src/Handler/Proxy.php(28): GuzzleHttp/Handler/CurlHandler->__invoke()
#4 C:/Users/marcj/Documents/fams-laravel-backup/vendor/guzzlehttp/guzzle/src/Handler/Proxy.php(68): GuzzleHttp/Handler/Proxy::GuzzleHttp/Handler/{closure}()
#5 C:/Users/marcj/Documents/fams-laravel-backup/vendor/guzzlehttp/guzzle/src/Handler/Proxy.php(48): GuzzleHttp/Handler/Proxy::GuzzleHttp/Handler/{closure}()
#6 C:/Users/marcj/Documents/fams-laravel-backup/vendor/laravel/framework/src/Illuminate/Http/Client/PendingRequest.php(1340): GuzzleHttp/Handler/Proxy::GuzzleHttp/Handler/{closure}()
#7 C:/Users/marcj/Documents/fams-laravel-backup/vendor/laravel/framework/src/Illuminate/Http/Client/PendingRequest.php(1306): Illuminate/Http/Client/PendingRequest->Illuminate/Http/Client/{closure}()
#8 C:/Users/marcj/Documents/fams-laravel-backup/vendor/laravel/framework/src/Illuminate/Http/Client/PendingRequest.php(1292): Illuminate/Http/Client/PendingRequest->Illuminate/Http/Client/{closure}()
#9 C:/Users/marcj/Documents/fams-laravel-backup/vendor/guzzlehttp/guzzle/src/PrepareBodyMiddleware.php(64): Illuminate/Http/Client/PendingRequest->Illuminate/Http/Client/{closure}()
#10 C:/Users/marcj/Documents/fams-laravel-backup/vendor/guzzlehttp/guzzle/src/Middleware.php(38): GuzzleHttp/PrepareBodyMiddleware->__invoke()
#11 C:/Users/marcj/Documents/fams-laravel-backup/vendor/guzzlehttp/guzzle/src/RedirectMiddleware.php(72): GuzzleHttp/Middleware::GuzzleHttp/{closure}()
#12 C:/Users/marcj/Documents/fams-laravel-backup/vendor/guzzlehttp/guzzle/src/Middleware.php(63): GuzzleHttp/RedirectMiddleware->__invoke()
#13 C:/Users/marcj/Documents/fams-laravel-backup/vendor/guzzlehttp/guzzle/src/HandlerStack.php(75): GuzzleHttp/Middleware::GuzzleHttp/{closure}()
#14 C:/Users/marcj/Documents/fams-laravel-backup/vendor/guzzlehttp/guzzle/src/Client.php(1109): GuzzleHttp/HandlerStack->__invoke()
#15 C:/Users/marcj/Documents/fams-laravel-backup/vendor/guzzlehttp/guzzle/src/Client.php(243): GuzzleHttp/Client->transfer()
#16 C:/Users/marcj/Documents/fams-laravel-backup/vendor/guzzlehttp/guzzle/src/Client.php(273): GuzzleHttp/Client->requestAsync()
#17 C:/Users/marcj/Documents/fams-laravel-backup/vendor/laravel/framework/src/Illuminate/Http/Client/PendingRequest.php(1138): GuzzleHttp/Client->request()
#18 C:/Users/marcj/Documents/fams-laravel-backup/vendor/laravel/framework/src/Illuminate/Http/Client/PendingRequest.php(907): Illuminate/Http/Client/PendingRequest->sendRequest()
#19 C:/Users/marcj/Documents/fams-laravel-backup/vendor/laravel/framework/src/Illuminate/Support/helpers.php(338): Illuminate/Http/Client/PendingRequest->Illuminate/Http/Client/{closure}()
#20 C:/Users/marcj/Documents/fams-laravel-backup/vendor/laravel/framework/src/Illuminate/Http/Client/PendingRequest.php(905): retry()
#21 C:/Users/marcj/Documents/fams-laravel-backup/vendor/laravel/framework/src/Illuminate/Http/Client/PendingRequest.php(804): Illuminate/Http/Client/PendingRequest->send()
#22 C:/Users/marcj/Documents/fams-laravel-backup/app/Services/AiAssistService.php(116): Illuminate/Http/Client/PendingRequest->post()
#23 C:/Users/marcj/Documents/fams-laravel-backup/app/Services/AiAssistService.php(278): App/Services/AiAssistService->llm()
#24 C:/Users/marcj/Documents/fams-laravel-backup/app/Services/AiAssistService.php(56): App/Services/AiAssistService->summarize()
#25 C:/Users/marcj/Documents/fams-laravel-backup/app/Http/Controllers/VisitorController.php(83): App/Services/AiAssistService->assist()
#26 C:/Users/marcj/Documents/fams-laravel-backup/vendor/laravel/framework/src/Illuminate/Routing/ControllerDispatcher.php(47): App/Http/Controllers/VisitorController->aiAssist()
#27 C:/Users/marcj/Documents/fams-laravel-backup/vendor/laravel/framework/src/Illuminate/Routing/Route.php(266): Illuminate/Routing/ControllerDispatcher->dispatch()
#28 C:/Users/marcj/Documents/fams-laravel-backup/vendor/laravel/framework/src/Illuminate/Routing/Route.php(212): Illuminate/Routing/Route->runController()
#29 C:/Users/marcj/Documents/fams-laravel-backup/vendor/laravel/framework/src/Illuminate/Routing/Router.php(808): Illuminate/Routing/Route->run()
#30 C:/Users/marcj/Documents/fams-laravel-backup/vendor/laravel/framework/src/Illuminate/Pipeline/Pipeline.php(170): Illuminate/Routing/Router->Illuminate/Routing/{closure}()
#31 C:/Users/marcj/Documents/fams-laravel-backup/app/Http/Middleware/EnsureUserHasRole.php(27): Illuminate/Pipeline/Pipeline->Illuminate/Pipeline/{closure}()
#32 C:/Users/marcj/Documents/fams-laravel-backup/vendor/laravel/framework/src/Illuminate/Pipeline/Pipeline.php(209): App/Http/Middleware/EnsureUserHasRole->handle()
#33 C:/Users/marcj/Documents/fams-laravel-backup/app/Http/Middleware/ForcePasswordChange.php(26): Illuminate/Pipeline/Pipeline->Illuminate/Pipeline/{closure}()
#34 C:/Users/marcj/Documents/fams-laravel-backup/vendor/laravel/framework/src/Illuminate/Pipeline/Pipeline.php(209): App/Http/Middleware/ForcePasswordChange->handle()
#35 C:/Users/marcj/Documents/fams-laravel-backup/app/Http/Middleware/EnsureActiveAccount.php(26): Illuminate/Pipeline/Pipeline->Illuminate/Pipeline/{closure}()
#36 C:/Users/marcj/Documents/fams-laravel-backup/vendor/laravel/framework/src/Illuminate/Pipeline/Pipeline.php(209): App/Http/Middleware/EnsureActiveAccount->handle()
#37 C:/Users/marcj/Documents/fams-laravel-backup/vendor/laravel/framework/src/Illuminate/Routing/Middleware/SubstituteBindings.php(51): Illuminate/Pipeline/Pipeline->Illuminate/Pipeline/{closure}()
#38 C:/Users/marcj/Documents/fams-laravel-backup/vendor/laravel/framework/src/Illuminate/Pipeline/Pipeline.php(209): Illuminate/Routing/Middleware/SubstituteBindings->handle()
#39 C:/Users/marcj/Documents/fams-laravel-backup/vendor/laravel/framework/src/Illuminate/Auth/Middleware/Authenticate.php(64): Illuminate/Pipeline/Pipeline->Illuminate/Pipeline/{closure}()
#40 C:/Users/marcj/Documents/fams-laravel-backup/vendor/laravel/framework/src/Illuminate/Pipeline/Pipeline.php(209): Illuminate/Auth/Middleware/Authenticate->handle()
#41 C:/Users/marcj/Documents/fams-laravel-backup/vendor/laravel/framework/src/Illuminate/Foundation/Http/Middleware/VerifyCsrfToken.php(88): Illuminate/Pipeline/Pipeline->Illuminate/Pipeline/{closure}()
#42 C:/Users/marcj/Documents/fams-laravel-backup/vendor/laravel/framework/src/Illuminate/Pipeline/Pipeline.php(209): Illuminate/Foundation/Http/Middleware/VerifyCsrfToken->handle()
#43 C:/Users/marcj/Documents/fams-laravel-backup/vendor/laravel/framework/src/Illuminate/View/Middleware/ShareErrorsFromSession.php(49): Illuminate/Pipeline/Pipeline->Illuminate/Pipeline/{closure}()
#44 C:/Users/marcj/Documents/fams-laravel-backup/vendor/laravel/framework/src/Illuminate/Pipeline/Pipeline.php(209): Illuminate/View/Middleware/ShareErrorsFromSession->handle()
#45 C:/Users/marcj/Documents/fams-laravel-backup/vendor/laravel/framework/src/Illuminate/Session/Middleware/StartSession.php(121): Illuminate/Pipeline/Pipeline->Illuminate/Pipeline/{closure}()
#46 C:/Users/marcj/Documents/fams-laravel-backup/vendor/laravel/framework/src/Illuminate/Session/Middleware/StartSession.php(64): Illuminate/Session/Middleware/StartSession->handleStatefulRequest()
#47 C:/Users/marcj/Documents/fams-laravel-backup/vendor/laravel/framework/src/Illuminate/Pipeline/Pipeline.php(209): Illuminate/Session/Middleware/StartSession->handle()
#48 C:/Users/marcj/Documents/fams-laravel-backup/vendor/laravel/framework/src/Illuminate/Cookie/Middleware/AddQueuedCookiesToResponse.php(37): Illuminate/Pipeline/Pipeline->Illuminate/Pipeline/{closure}()
#49 C:/Users/marcj/Documents/fams-laravel-backup/vendor/laravel/framework/src/Illuminate/Pipeline/Pipeline.php(209): Illuminate/Cookie/Middleware/AddQueuedCookiesToResponse->handle()
#50 C:/Users/marcj/Documents/fams-laravel-backup/vendor/laravel/framework/src/Illuminate/Cookie/Middleware/EncryptCookies.php(75): Illuminate/Pipeline/Pipeline->Illuminate/Pipeline/{closure}()
#51 C:/Users/marcj/Documents/fams-laravel-backup/vendor/laravel/framework/src/Illuminate/Pipeline/Pipeline.php(209): Illuminate/Cookie/Middleware/EncryptCookies->handle()
#52 C:/Users/marcj/Documents/fams-laravel-backup/vendor/laravel/framework/src/Illuminate/Pipeline/Pipeline.php(127): Illuminate/Pipeline/Pipeline->Illuminate/Pipeline/{closure}()
#53 C:/Users/marcj/Documents/fams-laravel-backup/vendor/laravel/framework/src/Illuminate/Routing/Router.php(807): Illuminate/Pipeline/Pipeline->then()
#54 C:/Users/marcj/Documents/fams-laravel-backup/vendor/laravel/framework/src/Illuminate/Routing/Router.php(786): Illuminate/Routing/Router->runRouteWithinStack()
#55 C:/Users/marcj/Documents/fams-laravel-backup/vendor/laravel/framework/src/Illuminate/Routing/Router.php(750): Illuminate/Routing/Router->runRoute()
#56 C:/Users/marcj/Documents/fams-laravel-backup/vendor/laravel/framework/src/Illuminate/Routing/Router.php(739): Illuminate/Routing/Router->dispatchToRoute()
#57 C:/Users/marcj/Documents/fams-laravel-backup/vendor/laravel/framework/src/Illuminate/Foundation/Http/Kernel.php(201): Illuminate/Routing/Router->dispatch()
#58 C:/Users/marcj/Documents/fams-laravel-backup/vendor/laravel/framework/src/Illuminate/Pipeline/Pipeline.php(170): Illuminate/Foundation/Http/Kernel->Illuminate/Foundation/Http/{closure}()
#59 C:/Users/marcj/Documents/fams-laravel-backup/vendor/laravel/framework/src/Illuminate/Foundation/Http/Middleware/TransformsRequest.php(21): Illuminate/Pipeline/Pipeline->Illuminate/Pipeline/{closure}()
#60 C:/Users/marcj/Documents/fams-laravel-backup/vendor/laravel/framework/src/Illuminate/Foundation/Http/Middleware/ConvertEmptyStringsToNull.php(31): Illuminate/Foundation/Http/Middleware/TransformsRequest->handle()
#61 C:/Users/marcj/Documents/fams-laravel-backup/vendor/laravel/framework/src/Illuminate/Pipeline/Pipeline.php(209): Illuminate/Foundation/Http/Middleware/ConvertEmptyStringsToNull->handle()
#62 C:/Users/marcj/Documents/fams-laravel-backup/vendor/laravel/framework/src/Illuminate/Foundation/Http/Middleware/TransformsRequest.php(21): Illuminate/Pipeline/Pipeline->Illuminate/Pipeline/{closure}()
#63 C:/Users/marcj/Documents/fams-laravel-backup/vendor/laravel/framework/src/Illuminate/Foundation/Http/Middleware/TrimStrings.php(51): Illuminate/Foundation/Http/Middleware/TransformsRequest->handle()
#64 C:/Users/marcj/Documents/fams-laravel-backup/vendor/laravel/framework/src/Illuminate/Pipeline/Pipeline.php(209): Illuminate/Foundation/Http/Middleware/TrimStrings->handle()
#65 C:/Users/marcj/Documents/fams-laravel-backup/vendor/laravel/framework/src/Illuminate/Http/Middleware/ValidatePostSize.php(27): Illuminate/Pipeline/Pipeline->Illuminate/Pipeline/{closure}()
#66 C:/Users/marcj/Documents/fams-laravel-backup/vendor/laravel/framework/src/Illuminate/Pipeline/Pipeline.php(209): Illuminate/Http/Middleware/ValidatePostSize->handle()
#67 C:/Users/marcj/Documents/fams-laravel-backup/vendor/laravel/framework/src/Illuminate/Foundation/Http/Middleware/PreventRequestsDuringMaintenance.php(110): Illuminate/Pipeline/Pipeline->Illuminate/Pipeline/{closure}()
#68 C:/Users/marcj/Documents/fams-laravel-backup/vendor/laravel/framework/src/Illuminate/Pipeline/Pipeline.php(209): Illuminate/Foundation/Http/Middleware/PreventRequestsDuringMaintenance->handle()
#69 C:/Users/marcj/Documents/fams-laravel-backup/vendor/laravel/framework/src/Illuminate/Http/Middleware/HandleCors.php(49): Illuminate/Pipeline/Pipeline->Illuminate/Pipeline/{closure}()
#70 C:/Users/marcj/Documents/fams-laravel-backup/vendor/laravel/framework/src/Illuminate/Pipeline/Pipeline.php(209): Illuminate/Http/Middleware/HandleCors->handle()
#71 C:/Users/marcj/Documents/fams-laravel-backup/vendor/laravel/framework/src/Illuminate/Http/Middleware/TrustProxies.php(58): Illuminate/Pipeline/Pipeline->Illuminate/Pipeline/{closure}()
#72 C:/Users/marcj/Documents/fams-laravel-backup/vendor/laravel/framework/src/Illuminate/Pipeline/Pipeline.php(209): Illuminate/Http/Middleware/TrustProxies->handle()
#73 C:/Users/marcj/Documents/fams-laravel-backup/vendor/laravel/framework/src/Illuminate/Foundation/Http/Middleware/InvokeDeferredCallbacks.php(22): Illuminate/Pipeline/Pipeline->Illuminate/Pipeline/{closure}()
#74 C:/Users/marcj/Documents/fams-laravel-backup/vendor/laravel/framework/src/Illuminate/Pipeline/Pipeline.php(209): Illuminate/Foundation/Http/Middleware/InvokeDeferredCallbacks->handle()
#75 C:/Users/marcj/Documents/fams-laravel-backup/vendor/laravel/framework/src/Illuminate/Pipeline/Pipeline.php(127): Illuminate/Pipeline/Pipeline->Illuminate/Pipeline/{closure}()
#76 C:/Users/marcj/Documents/fams-laravel-backup/vendor/laravel/framework/src/Illuminate/Foundation/Http/Kernel.php(176): Illuminate/Pipeline/Pipeline->then()
#77 C:/Users/marcj/Documents/fams-laravel-backup/vendor/laravel/framework/src/Illuminate/Foundation/Http/Kernel.php(145): Illuminate/Foundation/Http/Kernel->sendRequestThroughRouter()
#78 C:/Users/marcj/Documents/fams-laravel-backup/vendor/laravel/framework/src/Illuminate/Foundation/Application.php(1220): Illuminate/Foundation/Http/Kernel->handle()
#79 C:/Users/marcj/Documents/fams-laravel-backup/public/index.php(15): Illuminate/Foundation/Application->handleRequest()
#80 C:/Users/marcj/Documents/fams-laravel-backup/vendor/laravel/framework/src/Illuminate/Foundation/resources/server.php(23): require_once('...')
#81 {main}
"} 
[2026-09-02 00:20:04] local.ERROR: cURL error 60: SSL certificate OpenSSL verify result: unable to get local issuer certificate (20) (see https://curl.se/libcurl/c/libcurl-errors.html) for https://generativelanguage.googleapis.com/v1beta/models/gemini-2.5-flash:generateContent {"userId":2,"exception":"[object] (GuzzleHttp\\Exception\\RequestException(code: 0): cURL error 60: SSL certificate OpenSSL verify result: unable to get local issuer certificate (20) (see https://curl.se/libcurl/c/libcurl-errors.html) for https://generativelanguage.googleapis.com/v1beta/models/gemini-2.5-flash:generateContent at C:/Users/marcj/Documents/fams-laravel-backup/vendor/guzzlehttp/guzzle/src/Handler/CurlFactory.php:1141)
[stacktrace]
#0 C:/Users/marcj/Documents/fams-laravel-backup/vendor/guzzlehttp/guzzle/src/Handler/CurlFactory.php(1077): GuzzleHttp/Handler/CurlFactory::createRejection()
#1 C:/Users/marcj/Documents/fams-laravel-backup/vendor/guzzlehttp/guzzle/src/Handler/CurlFactory.php(1014): GuzzleHttp/Handler/CurlFactory::finishError()
#2 C:/Users/marcj/Documents/fams-laravel-backup/vendor/guzzlehttp/guzzle/src/Handler/CurlHandler.php(88): GuzzleHttp/Handler/CurlFactory::finish()
#3 C:/Users/marcj/Documents/fams-laravel-backup/vendor/guzzlehttp/guzzle/src/Handler/Proxy.php(28): GuzzleHttp/Handler/CurlHandler->__invoke()
#4 C:/Users/marcj/Documents/fams-laravel-backup/vendor/guzzlehttp/guzzle/src/Handler/Proxy.php(68): GuzzleHttp/Handler/Proxy::GuzzleHttp/Handler/{closure}()
#5 C:/Users/marcj/Documents/fams-laravel-backup/vendor/guzzlehttp/guzzle/src/Handler/Proxy.php(48): GuzzleHttp/Handler/Proxy::GuzzleHttp/Handler/{closure}()
#6 C:/Users/marcj/Documents/fams-laravel-backup/vendor/laravel/framework/src/Illuminate/Http/Client/PendingRequest.php(1340): GuzzleHttp/Handler/Proxy::GuzzleHttp/Handler/{closure}()
#7 C:/Users/marcj/Documents/fams-laravel-backup/vendor/laravel/framework/src/Illuminate/Http/Client/PendingRequest.php(1306): Illuminate/Http/Client/PendingRequest->Illuminate/Http/Client/{closure}()
#8 C:/Users/marcj/Documents/fams-laravel-backup/vendor/laravel/framework/src/Illuminate/Http/Client/PendingRequest.php(1292): Illuminate/Http/Client/PendingRequest->Illuminate/Http/Client/{closure}()
#9 C:/Users/marcj/Documents/fams-laravel-backup/vendor/guzzlehttp/guzzle/src/PrepareBodyMiddleware.php(64): Illuminate/Http/Client/PendingRequest->Illuminate/Http/Client/{closure}()
#10 C:/Users/marcj/Documents/fams-laravel-backup/vendor/guzzlehttp/guzzle/src/Middleware.php(38): GuzzleHttp/PrepareBodyMiddleware->__invoke()
#11 C:/Users/marcj/Documents/fams-laravel-backup/vendor/guzzlehttp/guzzle/src/RedirectMiddleware.php(72): GuzzleHttp/Middleware::GuzzleHttp/{closure}()
#12 C:/Users/marcj/Documents/fams-laravel-backup/vendor/guzzlehttp/guzzle/src/Middleware.php(63): GuzzleHttp/RedirectMiddleware->__invoke()
#13 C:/Users/marcj/Documents/fams-laravel-backup/vendor/guzzlehttp/guzzle/src/HandlerStack.php(75): GuzzleHttp/Middleware::GuzzleHttp/{closure}()
#14 C:/Users/marcj/Documents/fams-laravel-backup/vendor/guzzlehttp/guzzle/src/Client.php(1109): GuzzleHttp/HandlerStack->__invoke()
#15 C:/Users/marcj/Documents/fams-laravel-backup/vendor/guzzlehttp/guzzle/src/Client.php(243): GuzzleHttp/Client->transfer()
#16 C:/Users/marcj/Documents/fams-laravel-backup/vendor/guzzlehttp/guzzle/src/Client.php(273): GuzzleHttp/Client->requestAsync()
#17 C:/Users/marcj/Documents/fams-laravel-backup/vendor/laravel/framework/src/Illuminate/Http/Client/PendingRequest.php(1138): GuzzleHttp/Client->request()
#18 C:/Users/marcj/Documents/fams-laravel-backup/vendor/laravel/framework/src/Illuminate/Http/Client/PendingRequest.php(907): Illuminate/Http/Client/PendingRequest->sendRequest()
#19 C:/Users/marcj/Documents/fams-laravel-backup/vendor/laravel/framework/src/Illuminate/Support/helpers.php(338): Illuminate/Http/Client/PendingRequest->Illuminate/Http/Client/{closure}()
#20 C:/Users/marcj/Documents/fams-laravel-backup/vendor/laravel/framework/src/Illuminate/Http/Client/PendingRequest.php(905): retry()
#21 C:/Users/marcj/Documents/fams-laravel-backup/vendor/laravel/framework/src/Illuminate/Http/Client/PendingRequest.php(804): Illuminate/Http/Client/PendingRequest->send()
#22 C:/Users/marcj/Documents/fams-laravel-backup/app/Services/AiAssistService.php(116): Illuminate/Http/Client/PendingRequest->post()
#23 C:/Users/marcj/Documents/fams-laravel-backup/app/Services/AiAssistService.php(232): App/Services/AiAssistService->llm()
#24 C:/Users/marcj/Documents/fams-laravel-backup/app/Services/AiAssistService.php(55): App/Services/AiAssistService->classify()
#25 C:/Users/marcj/Documents/fams-laravel-backup/app/Http/Controllers/VisitorController.php(83): App/Services/AiAssistService->assist()
#26 C:/Users/marcj/Documents/fams-laravel-backup/vendor/laravel/framework/src/Illuminate/Routing/ControllerDispatcher.php(47): App/Http/Controllers/VisitorController->aiAssist()
#27 C:/Users/marcj/Documents/fams-laravel-backup/vendor/laravel/framework/src/Illuminate/Routing/Route.php(266): Illuminate/Routing/ControllerDispatcher->dispatch()
#28 C:/Users/marcj/Documents/fams-laravel-backup/vendor/laravel/framework/src/Illuminate/Routing/Route.php(212): Illuminate/Routing/Route->runController()
#29 C:/Users/marcj/Documents/fams-laravel-backup/vendor/laravel/framework/src/Illuminate/Routing/Router.php(808): Illuminate/Routing/Route->run()
#30 C:/Users/marcj/Documents/fams-laravel-backup/vendor/laravel/framework/src/Illuminate/Pipeline/Pipeline.php(170): Illuminate/Routing/Router->Illuminate/Routing/{closure}()
#31 C:/Users/marcj/Documents/fams-laravel-backup/app/Http/Middleware/EnsureUserHasRole.php(27): Illuminate/Pipeline/Pipeline->Illuminate/Pipeline/{closure}()
#32 C:/Users/marcj/Documents/fams-laravel-backup/vendor/laravel/framework/src/Illuminate/Pipeline/Pipeline.php(209): App/Http/Middleware/EnsureUserHasRole->handle()
#33 C:/Users/marcj/Documents/fams-laravel-backup/app/Http/Middleware/ForcePasswordChange.php(26): Illuminate/Pipeline/Pipeline->Illuminate/Pipeline/{closure}()
#34 C:/Users/marcj/Documents/fams-laravel-backup/vendor/laravel/framework/src/Illuminate/Pipeline/Pipeline.php(209): App/Http/Middleware/ForcePasswordChange->handle()
#35 C:/Users/marcj/Documents/fams-laravel-backup/app/Http/Middleware/EnsureActiveAccount.php(26): Illuminate/Pipeline/Pipeline->Illuminate/Pipeline/{closure}()
#36 C:/Users/marcj/Documents/fams-laravel-backup/vendor/laravel/framework/src/Illuminate/Pipeline/Pipeline.php(209): App/Http/Middleware/EnsureActiveAccount->handle()
#37 C:/Users/marcj/Documents/fams-laravel-backup/vendor/laravel/framework/src/Illuminate/Routing/Middleware/SubstituteBindings.php(51): Illuminate/Pipeline/Pipeline->Illuminate/Pipeline/{closure}()
#38 C:/Users/marcj/Documents/fams-laravel-backup/vendor/laravel/framework/src/Illuminate/Pipeline/Pipeline.php(209): Illuminate/Routing/Middleware/SubstituteBindings->handle()
#39 C:/Users/marcj/Documents/fams-laravel-backup/vendor/laravel/framework/src/Illuminate/Auth/Middleware/Authenticate.php(64): Illuminate/Pipeline/Pipeline->Illuminate/Pipeline/{closure}()
#40 C:/Users/marcj/Documents/fams-laravel-backup/vendor/laravel/framework/src/Illuminate/Pipeline/Pipeline.php(209): Illuminate/Auth/Middleware/Authenticate->handle()
#41 C:/Users/marcj/Documents/fams-laravel-backup/vendor/laravel/framework/src/Illuminate/Foundation/Http/Middleware/VerifyCsrfToken.php(88): Illuminate/Pipeline/Pipeline->Illuminate/Pipeline/{closure}()
#42 C:/Users/marcj/Documents/fams-laravel-backup/vendor/laravel/framework/src/Illuminate/Pipeline/Pipeline.php(209): Illuminate/Foundation/Http/Middleware/VerifyCsrfToken->handle()
#43 C:/Users/marcj/Documents/fams-laravel-backup/vendor/laravel/framework/src/Illuminate/View/Middleware/ShareErrorsFromSession.php(49): Illuminate/Pipeline/Pipeline->Illuminate/Pipeline/{closure}()
#44 C:/Users/marcj/Documents/fams-laravel-backup/vendor/laravel/framework/src/Illuminate/Pipeline/Pipeline.php(209): Illuminate/View/Middleware/ShareErrorsFromSession->handle()
#45 C:/Users/marcj/Documents/fams-laravel-backup/vendor/laravel/framework/src/Illuminate/Session/Middleware/StartSession.php(121): Illuminate/Pipeline/Pipeline->Illuminate/Pipeline/{closure}()
#46 C:/Users/marcj/Documents/fams-laravel-backup/vendor/laravel/framework/src/Illuminate/Session/Middleware/StartSession.php(64): Illuminate/Session/Middleware/StartSession->handleStatefulRequest()
#47 C:/Users/marcj/Documents/fams-laravel-backup/vendor/laravel/framework/src/Illuminate/Pipeline/Pipeline.php(209): Illuminate/Session/Middleware/StartSession->handle()
#48 C:/Users/marcj/Documents/fams-laravel-backup/vendor/laravel/framework/src/Illuminate/Cookie/Middleware/AddQueuedCookiesToResponse.php(37): Illuminate/Pipeline/Pipeline->Illuminate/Pipeline/{closure}()
#49 C:/Users/marcj/Documents/fams-laravel-backup/vendor/laravel/framework/src/Illuminate/Pipeline/Pipeline.php(209): Illuminate/Cookie/Middleware/AddQueuedCookiesToResponse->handle()
#50 C:/Users/marcj/Documents/fams-laravel-backup/vendor/laravel/framework/src/Illuminate/Cookie/Middleware/EncryptCookies.php(75): Illuminate/Pipeline/Pipeline->Illuminate/Pipeline/{closure}()
#51 C:/Users/marcj/Documents/fams-laravel-backup/vendor/laravel/framework/src/Illuminate/Pipeline/Pipeline.php(209): Illuminate/Cookie/Middleware/EncryptCookies->handle()
#52 C:/Users/marcj/Documents/fams-laravel-backup/vendor/laravel/framework/src/Illuminate/Pipeline/Pipeline.php(127): Illuminate/Pipeline/Pipeline->Illuminate/Pipeline/{closure}()
#53 C:/Users/marcj/Documents/fams-laravel-backup/vendor/laravel/framework/src/Illuminate/Routing/Router.php(807): Illuminate/Pipeline/Pipeline->then()
#54 C:/Users/marcj/Documents/fams-laravel-backup/vendor/laravel/framework/src/Illuminate/Routing/Router.php(786): Illuminate/Routing/Router->runRouteWithinStack()
#55 C:/Users/marcj/Documents/fams-laravel-backup/vendor/laravel/framework/src/Illuminate/Routing/Router.php(750): Illuminate/Routing/Router->runRoute()
#56 C:/Users/marcj/Documents/fams-laravel-backup/vendor/laravel/framework/src/Illuminate/Routing/Router.php(739): Illuminate/Routing/Router->dispatchToRoute()
#57 C:/Users/marcj/Documents/fams-laravel-backup/vendor/laravel/framework/src/Illuminate/Foundation/Http/Kernel.php(201): Illuminate/Routing/Router->dispatch()
#58 C:/Users/marcj/Documents/fams-laravel-backup/vendor/laravel/framework/src/Illuminate/Pipeline/Pipeline.php(170): Illuminate/Foundation/Http/Kernel->Illuminate/Foundation/Http/{closure}()
#59 C:/Users/marcj/Documents/fams-laravel-backup/vendor/laravel/framework/src/Illuminate/Foundation/Http/Middleware/TransformsRequest.php(21): Illuminate/Pipeline/Pipeline->Illuminate/Pipeline/{closure}()
#60 C:/Users/marcj/Documents/fams-laravel-backup/vendor/laravel/framework/src/Illuminate/Foundation/Http/Middleware/ConvertEmptyStringsToNull.php(31): Illuminate/Foundation/Http/Middleware/TransformsRequest->handle()
#61 C:/Users/marcj/Documents/fams-laravel-backup/vendor/laravel/framework/src/Illuminate/Pipeline/Pipeline.php(209): Illuminate/Foundation/Http/Middleware/ConvertEmptyStringsToNull->handle()
#62 C:/Users/marcj/Documents/fams-laravel-backup/vendor/laravel/framework/src/Illuminate/Foundation/Http/Middleware/TransformsRequest.php(21): Illuminate/Pipeline/Pipeline->Illuminate/Pipeline/{closure}()
#63 C:/Users/marcj/Documents/fams-laravel-backup/vendor/laravel/framework/src/Illuminate/Foundation/Http/Middleware/TrimStrings.php(51): Illuminate/Foundation/Http/Middleware/TransformsRequest->handle()
#64 C:/Users/marcj/Documents/fams-laravel-backup/vendor/laravel/framework/src/Illuminate/Pipeline/Pipeline.php(209): Illuminate/Foundation/Http/Middleware/TrimStrings->handle()
#65 C:/Users/marcj/Documents/fams-laravel-backup/vendor/laravel/framework/src/Illuminate/Http/Middleware/ValidatePostSize.php(27): Illuminate/Pipeline/Pipeline->Illuminate/Pipeline/{closure}()
#66 C:/Users/marcj/Documents/fams-laravel-backup/vendor/laravel/framework/src/Illuminate/Pipeline/Pipeline.php(209): Illuminate/Http/Middleware/ValidatePostSize->handle()
#67 C:/Users/marcj/Documents/fams-laravel-backup/vendor/laravel/framework/src/Illuminate/Foundation/Http/Middleware/PreventRequestsDuringMaintenance.php(110): Illuminate/Pipeline/Pipeline->Illuminate/Pipeline/{closure}()
#68 C:/Users/marcj/Documents/fams-laravel-backup/vendor/laravel/framework/src/Illuminate/Pipeline/Pipeline.php(209): Illuminate/Foundation/Http/Middleware/PreventRequestsDuringMaintenance->handle()
#69 C:/Users/marcj/Documents/fams-laravel-backup/vendor/laravel/framework/src/Illuminate/Http/Middleware/HandleCors.php(49): Illuminate/Pipeline/Pipeline->Illuminate/Pipeline/{closure}()
#70 C:/Users/marcj/Documents/fams-laravel-backup/vendor/laravel/framework/src/Illuminate/Pipeline/Pipeline.php(209): Illuminate/Http/Middleware/HandleCors->handle()
#71 C:/Users/marcj/Documents/fams-laravel-backup/vendor/laravel/framework/src/Illuminate/Http/Middleware/TrustProxies.php(58): Illuminate/Pipeline/Pipeline->Illuminate/Pipeline/{closure}()
#72 C:/Users/marcj/Documents/fams-laravel-backup/vendor/laravel/framework/src/Illuminate/Pipeline/Pipeline.php(209): Illuminate/Http/Middleware/TrustProxies->handle()
#73 C:/Users/marcj/Documents/fams-laravel-backup/vendor/laravel/framework/src/Illuminate/Foundation/Http/Middleware/InvokeDeferredCallbacks.php(22): Illuminate/Pipeline/Pipeline->Illuminate/Pipeline/{closure}()
#74 C:/Users/marcj/Documents/fams-laravel-backup/vendor/laravel/framework/src/Illuminate/Pipeline/Pipeline.php(209): Illuminate/Foundation/Http/Middleware/InvokeDeferredCallbacks->handle()
#75 C:/Users/marcj/Documents/fams-laravel-backup/vendor/laravel/framework/src/Illuminate/Pipeline/Pipeline.php(127): Illuminate/Pipeline/Pipeline->Illuminate/Pipeline/{closure}()
#76 C:/Users/marcj/Documents/fams-laravel-backup/vendor/laravel/framework/src/Illuminate/Foundation/Http/Kernel.php(176): Illuminate/Pipeline/Pipeline->then()
#77 C:/Users/marcj/Documents/fams-laravel-backup/vendor/laravel/framework/src/Illuminate/Foundation/Http/Kernel.php(145): Illuminate/Foundation/Http/Kernel->sendRequestThroughRouter()
#78 C:/Users/marcj/Documents/fams-laravel-backup/vendor/laravel/framework/src/Illuminate/Foundation/Application.php(1220): Illuminate/Foundation/Http/Kernel->handle()
#79 C:/Users/marcj/Documents/fams-laravel-backup/public/index.php(15): Illuminate/Foundation/Application->handleRequest()
#80 C:/Users/marcj/Documents/fams-laravel-backup/vendor/laravel/framework/src/Illuminate/Foundation/resources/server.php(23): require_once('...')
#81 {main}
"} 
[2026-09-02 00:20:38] local.ERROR: cURL error 60: SSL certificate OpenSSL verify result: unable to get local issuer certificate (20) (see https://curl.se/libcurl/c/libcurl-errors.html) for https://generativelanguage.googleapis.com/v1beta/models/gemini-2.5-flash:generateContent {"userId":2,"exception":"[object] (GuzzleHttp\\Exception\\RequestException(code: 0): cURL error 60: SSL certificate OpenSSL verify result: unable to get local issuer certificate (20) (see https://curl.se/libcurl/c/libcurl-errors.html) for https://generativelanguage.googleapis.com/v1beta/models/gemini-2.5-flash:generateContent at C:/Users/marcj/Documents/fams-laravel-backup/vendor/guzzlehttp/guzzle/src/Handler/CurlFactory.php:1141)
[stacktrace]
#0 C:/Users/marcj/Documents/fams-laravel-backup/vendor/guzzlehttp/guzzle/src/Handler/CurlFactory.php(1077): GuzzleHttp/Handler/CurlFactory::createRejection()
#1 C:/Users/marcj/Documents/fams-laravel-backup/vendor/guzzlehttp/guzzle/src/Handler/CurlFactory.php(1014): GuzzleHttp/Handler/CurlFactory::finishError()
#2 C:/Users/marcj/Documents/fams-laravel-backup/vendor/guzzlehttp/guzzle/src/Handler/CurlHandler.php(88): GuzzleHttp/Handler/CurlFactory::finish()
#3 C:/Users/marcj/Documents/fams-laravel-backup/vendor/guzzlehttp/guzzle/src/Handler/Proxy.php(28): GuzzleHttp/Handler/CurlHandler->__invoke()
#4 C:/Users/marcj/Documents/fams-laravel-backup/vendor/guzzlehttp/guzzle/src/Handler/Proxy.php(68): GuzzleHttp/Handler/Proxy::GuzzleHttp/Handler/{closure}()
#5 C:/Users/marcj/Documents/fams-laravel-backup/vendor/guzzlehttp/guzzle/src/Handler/Proxy.php(48): GuzzleHttp/Handler/Proxy::GuzzleHttp/Handler/{closure}()
#6 C:/Users/marcj/Documents/fams-laravel-backup/vendor/laravel/framework/src/Illuminate/Http/Client/PendingRequest.php(1340): GuzzleHttp/Handler/Proxy::GuzzleHttp/Handler/{closure}()
#7 C:/Users/marcj/Documents/fams-laravel-backup/vendor/laravel/framework/src/Illuminate/Http/Client/PendingRequest.php(1306): Illuminate/Http/Client/PendingRequest->Illuminate/Http/Client/{closure}()
#8 C:/Users/marcj/Documents/fams-laravel-backup/vendor/laravel/framework/src/Illuminate/Http/Client/PendingRequest.php(1292): Illuminate/Http/Client/PendingRequest->Illuminate/Http/Client/{closure}()
#9 C:/Users/marcj/Documents/fams-laravel-backup/vendor/guzzlehttp/guzzle/src/PrepareBodyMiddleware.php(64): Illuminate/Http/Client/PendingRequest->Illuminate/Http/Client/{closure}()
#10 C:/Users/marcj/Documents/fams-laravel-backup/vendor/guzzlehttp/guzzle/src/Middleware.php(38): GuzzleHttp/PrepareBodyMiddleware->__invoke()
#11 C:/Users/marcj/Documents/fams-laravel-backup/vendor/guzzlehttp/guzzle/src/RedirectMiddleware.php(72): GuzzleHttp/Middleware::GuzzleHttp/{closure}()
#12 C:/Users/marcj/Documents/fams-laravel-backup/vendor/guzzlehttp/guzzle/src/Middleware.php(63): GuzzleHttp/RedirectMiddleware->__invoke()
#13 C:/Users/marcj/Documents/fams-laravel-backup/vendor/guzzlehttp/guzzle/src/HandlerStack.php(75): GuzzleHttp/Middleware::GuzzleHttp/{closure}()
#14 C:/Users/marcj/Documents/fams-laravel-backup/vendor/guzzlehttp/guzzle/src/Client.php(1109): GuzzleHttp/HandlerStack->__invoke()
#15 C:/Users/marcj/Documents/fams-laravel-backup/vendor/guzzlehttp/guzzle/src/Client.php(243): GuzzleHttp/Client->transfer()
#16 C:/Users/marcj/Documents/fams-laravel-backup/vendor/guzzlehttp/guzzle/src/Client.php(273): GuzzleHttp/Client->requestAsync()
#17 C:/Users/marcj/Documents/fams-laravel-backup/vendor/laravel/framework/src/Illuminate/Http/Client/PendingRequest.php(1138): GuzzleHttp/Client->request()
#18 C:/Users/marcj/Documents/fams-laravel-backup/vendor/laravel/framework/src/Illuminate/Http/Client/PendingRequest.php(907): Illuminate/Http/Client/PendingRequest->sendRequest()
#19 C:/Users/marcj/Documents/fams-laravel-backup/vendor/laravel/framework/src/Illuminate/Support/helpers.php(338): Illuminate/Http/Client/PendingRequest->Illuminate/Http/Client/{closure}()
#20 C:/Users/marcj/Documents/fams-laravel-backup/vendor/laravel/framework/src/Illuminate/Http/Client/PendingRequest.php(905): retry()
#21 C:/Users/marcj/Documents/fams-laravel-backup/vendor/laravel/framework/src/Illuminate/Http/Client/PendingRequest.php(804): Illuminate/Http/Client/PendingRequest->send()
#22 C:/Users/marcj/Documents/fams-laravel-backup/app/Services/AiAssistService.php(116): Illuminate/Http/Client/PendingRequest->post()
#23 C:/Users/marcj/Documents/fams-laravel-backup/app/Services/AiAssistService.php(232): App/Services/AiAssistService->llm()
#24 C:/Users/marcj/Documents/fams-laravel-backup/app/Services/AiAssistService.php(55): App/Services/AiAssistService->classify()
#25 C:/Users/marcj/Documents/fams-laravel-backup/app/Http/Controllers/VisitorController.php(83): App/Services/AiAssistService->assist()
#26 C:/Users/marcj/Documents/fams-laravel-backup/vendor/laravel/framework/src/Illuminate/Routing/ControllerDispatcher.php(47): App/Http/Controllers/VisitorController->aiAssist()
#27 C:/Users/marcj/Documents/fams-laravel-backup/vendor/laravel/framework/src/Illuminate/Routing/Route.php(266): Illuminate/Routing/ControllerDispatcher->dispatch()
#28 C:/Users/marcj/Documents/fams-laravel-backup/vendor/laravel/framework/src/Illuminate/Routing/Route.php(212): Illuminate/Routing/Route->runController()
#29 C:/Users/marcj/Documents/fams-laravel-backup/vendor/laravel/framework/src/Illuminate/Routing/Router.php(808): Illuminate/Routing/Route->run()
#30 C:/Users/marcj/Documents/fams-laravel-backup/vendor/laravel/framework/src/Illuminate/Pipeline/Pipeline.php(170): Illuminate/Routing/Router->Illuminate/Routing/{closure}()
#31 C:/Users/marcj/Documents/fams-laravel-backup/app/Http/Middleware/EnsureUserHasRole.php(27): Illuminate/Pipeline/Pipeline->Illuminate/Pipeline/{closure}()
#32 C:/Users/marcj/Documents/fams-laravel-backup/vendor/laravel/framework/src/Illuminate/Pipeline/Pipeline.php(209): App/Http/Middleware/EnsureUserHasRole->handle()
#33 C:/Users/marcj/Documents/fams-laravel-backup/app/Http/Middleware/ForcePasswordChange.php(26): Illuminate/Pipeline/Pipeline->Illuminate/Pipeline/{closure}()
#34 C:/Users/marcj/Documents/fams-laravel-backup/vendor/laravel/framework/src/Illuminate/Pipeline/Pipeline.php(209): App/Http/Middleware/ForcePasswordChange->handle()
#35 C:/Users/marcj/Documents/fams-laravel-backup/app/Http/Middleware/EnsureActiveAccount.php(26): Illuminate/Pipeline/Pipeline->Illuminate/Pipeline/{closure}()
#36 C:/Users/marcj/Documents/fams-laravel-backup/vendor/laravel/framework/src/Illuminate/Pipeline/Pipeline.php(209): App/Http/Middleware/EnsureActiveAccount->handle()
#37 C:/Users/marcj/Documents/fams-laravel-backup/vendor/laravel/framework/src/Illuminate/Routing/Middleware/SubstituteBindings.php(51): Illuminate/Pipeline/Pipeline->Illuminate/Pipeline/{closure}()
#38 C:/Users/marcj/Documents/fams-laravel-backup/vendor/laravel/framework/src/Illuminate/Pipeline/Pipeline.php(209): Illuminate/Routing/Middleware/SubstituteBindings->handle()
#39 C:/Users/marcj/Documents/fams-laravel-backup/vendor/laravel/framework/src/Illuminate/Auth/Middleware/Authenticate.php(64): Illuminate/Pipeline/Pipeline->Illuminate/Pipeline/{closure}()
#40 C:/Users/marcj/Documents/fams-laravel-backup/vendor/laravel/framework/src/Illuminate/Pipeline/Pipeline.php(209): Illuminate/Auth/Middleware/Authenticate->handle()
#41 C:/Users/marcj/Documents/fams-laravel-backup/vendor/laravel/framework/src/Illuminate/Foundation/Http/Middleware/VerifyCsrfToken.php(88): Illuminate/Pipeline/Pipeline->Illuminate/Pipeline/{closure}()
#42 C:/Users/marcj/Documents/fams-laravel-backup/vendor/laravel/framework/src/Illuminate/Pipeline/Pipeline.php(209): Illuminate/Foundation/Http/Middleware/VerifyCsrfToken->handle()
#43 C:/Users/marcj/Documents/fams-laravel-backup/vendor/laravel/framework/src/Illuminate/View/Middleware/ShareErrorsFromSession.php(49): Illuminate/Pipeline/Pipeline->Illuminate/Pipeline/{closure}()
#44 C:/Users/marcj/Documents/fams-laravel-backup/vendor/laravel/framework/src/Illuminate/Pipeline/Pipeline.php(209): Illuminate/View/Middleware/ShareErrorsFromSession->handle()
#45 C:/Users/marcj/Documents/fams-laravel-backup/vendor/laravel/framework/src/Illuminate/Session/Middleware/StartSession.php(121): Illuminate/Pipeline/Pipeline->Illuminate/Pipeline/{closure}()
#46 C:/Users/marcj/Documents/fams-laravel-backup/vendor/laravel/framework/src/Illuminate/Session/Middleware/StartSession.php(64): Illuminate/Session/Middleware/StartSession->handleStatefulRequest()
#47 C:/Users/marcj/Documents/fams-laravel-backup/vendor/laravel/framework/src/Illuminate/Pipeline/Pipeline.php(209): Illuminate/Session/Middleware/StartSession->handle()
#48 C:/Users/marcj/Documents/fams-laravel-backup/vendor/laravel/framework/src/Illuminate/Cookie/Middleware/AddQueuedCookiesToResponse.php(37): Illuminate/Pipeline/Pipeline->Illuminate/Pipeline/{closure}()
#49 C:/Users/marcj/Documents/fams-laravel-backup/vendor/laravel/framework/src/Illuminate/Pipeline/Pipeline.php(209): Illuminate/Cookie/Middleware/AddQueuedCookiesToResponse->handle()
#50 C:/Users/marcj/Documents/fams-laravel-backup/vendor/laravel/framework/src/Illuminate/Cookie/Middleware/EncryptCookies.php(75): Illuminate/Pipeline/Pipeline->Illuminate/Pipeline/{closure}()
#51 C:/Users/marcj/Documents/fams-laravel-backup/vendor/laravel/framework/src/Illuminate/Pipeline/Pipeline.php(209): Illuminate/Cookie/Middleware/EncryptCookies->handle()
#52 C:/Users/marcj/Documents/fams-laravel-backup/vendor/laravel/framework/src/Illuminate/Pipeline/Pipeline.php(127): Illuminate/Pipeline/Pipeline->Illuminate/Pipeline/{closure}()
#53 C:/Users/marcj/Documents/fams-laravel-backup/vendor/laravel/framework/src/Illuminate/Routing/Router.php(807): Illuminate/Pipeline/Pipeline->then()
#54 C:/Users/marcj/Documents/fams-laravel-backup/vendor/laravel/framework/src/Illuminate/Routing/Router.php(786): Illuminate/Routing/Router->runRouteWithinStack()
#55 C:/Users/marcj/Documents/fams-laravel-backup/vendor/laravel/framework/src/Illuminate/Routing/Router.php(750): Illuminate/Routing/Router->runRoute()
#56 C:/Users/marcj/Documents/fams-laravel-backup/vendor/laravel/framework/src/Illuminate/Routing/Router.php(739): Illuminate/Routing/Router->dispatchToRoute()
#57 C:/Users/marcj/Documents/fams-laravel-backup/vendor/laravel/framework/src/Illuminate/Foundation/Http/Kernel.php(201): Illuminate/Routing/Router->dispatch()
#58 C:/Users/marcj/Documents/fams-laravel-backup/vendor/laravel/framework/src/Illuminate/Pipeline/Pipeline.php(170): Illuminate/Foundation/Http/Kernel->Illuminate/Foundation/Http/{closure}()
#59 C:/Users/marcj/Documents/fams-laravel-backup/vendor/laravel/framework/src/Illuminate/Foundation/Http/Middleware/TransformsRequest.php(21): Illuminate/Pipeline/Pipeline->Illuminate/Pipeline/{closure}()
#60 C:/Users/marcj/Documents/fams-laravel-backup/vendor/laravel/framework/src/Illuminate/Foundation/Http/Middleware/ConvertEmptyStringsToNull.php(31): Illuminate/Foundation/Http/Middleware/TransformsRequest->handle()
#61 C:/Users/marcj/Documents/fams-laravel-backup/vendor/laravel/framework/src/Illuminate/Pipeline/Pipeline.php(209): Illuminate/Foundation/Http/Middleware/ConvertEmptyStringsToNull->handle()
#62 C:/Users/marcj/Documents/fams-laravel-backup/vendor/laravel/framework/src/Illuminate/Foundation/Http/Middleware/TransformsRequest.php(21): Illuminate/Pipeline/Pipeline->Illuminate/Pipeline/{closure}()
#63 C:/Users/marcj/Documents/fams-laravel-backup/vendor/laravel/framework/src/Illuminate/Foundation/Http/Middleware/TrimStrings.php(51): Illuminate/Foundation/Http/Middleware/TransformsRequest->handle()
#64 C:/Users/marcj/Documents/fams-laravel-backup/vendor/laravel/framework/src/Illuminate/Pipeline/Pipeline.php(209): Illuminate/Foundation/Http/Middleware/TrimStrings->handle()
#65 C:/Users/marcj/Documents/fams-laravel-backup/vendor/laravel/framework/src/Illuminate/Http/Middleware/ValidatePostSize.php(27): Illuminate/Pipeline/Pipeline->Illuminate/Pipeline/{closure}()
#66 C:/Users/marcj/Documents/fams-laravel-backup/vendor/laravel/framework/src/Illuminate/Pipeline/Pipeline.php(209): Illuminate/Http/Middleware/ValidatePostSize->handle()
#67 C:/Users/marcj/Documents/fams-laravel-backup/vendor/laravel/framework/src/Illuminate/Foundation/Http/Middleware/PreventRequestsDuringMaintenance.php(110): Illuminate/Pipeline/Pipeline->Illuminate/Pipeline/{closure}()
#68 C:/Users/marcj/Documents/fams-laravel-backup/vendor/laravel/framework/src/Illuminate/Pipeline/Pipeline.php(209): Illuminate/Foundation/Http/Middleware/PreventRequestsDuringMaintenance->handle()
#69 C:/Users/marcj/Documents/fams-laravel-backup/vendor/laravel/framework/src/Illuminate/Http/Middleware/HandleCors.php(49): Illuminate/Pipeline/Pipeline->Illuminate/Pipeline/{closure}()
#70 C:/Users/marcj/Documents/fams-laravel-backup/vendor/laravel/framework/src/Illuminate/Pipeline/Pipeline.php(209): Illuminate/Http/Middleware/HandleCors->handle()
#71 C:/Users/marcj/Documents/fams-laravel-backup/vendor/laravel/framework/src/Illuminate/Http/Middleware/TrustProxies.php(58): Illuminate/Pipeline/Pipeline->Illuminate/Pipeline/{closure}()
#72 C:/Users/marcj/Documents/fams-laravel-backup/vendor/laravel/framework/src/Illuminate/Pipeline/Pipeline.php(209): Illuminate/Http/Middleware/TrustProxies->handle()
#73 C:/Users/marcj/Documents/fams-laravel-backup/vendor/laravel/framework/src/Illuminate/Foundation/Http/Middleware/InvokeDeferredCallbacks.php(22): Illuminate/Pipeline/Pipeline->Illuminate/Pipeline/{closure}()
#74 C:/Users/marcj/Documents/fams-laravel-backup/vendor/laravel/framework/src/Illuminate/Pipeline/Pipeline.php(209): Illuminate/Foundation/Http/Middleware/InvokeDeferredCallbacks->handle()
#75 C:/Users/marcj/Documents/fams-laravel-backup/vendor/laravel/framework/src/Illuminate/Pipeline/Pipeline.php(127): Illuminate/Pipeline/Pipeline->Illuminate/Pipeline/{closure}()
#76 C:/Users/marcj/Documents/fams-laravel-backup/vendor/laravel/framework/src/Illuminate/Foundation/Http/Kernel.php(176): Illuminate/Pipeline/Pipeline->then()
#77 C:/Users/marcj/Documents/fams-laravel-backup/vendor/laravel/framework/src/Illuminate/Foundation/Http/Kernel.php(145): Illuminate/Foundation/Http/Kernel->sendRequestThroughRouter()
#78 C:/Users/marcj/Documents/fams-laravel-backup/vendor/laravel/framework/src/Illuminate/Foundation/Application.php(1220): Illuminate/Foundation/Http/Kernel->handle()
#79 C:/Users/marcj/Documents/fams-laravel-backup/public/index.php(15): Illuminate/Foundation/Application->handleRequest()
#80 C:/Users/marcj/Documents/fams-laravel-backup/vendor/laravel/framework/src/Illuminate/Foundation/resources/server.php(23): require_once('...')
#81 {main}
"} 
[2026-09-02 00:20:57] local.ERROR: cURL error 60: SSL certificate OpenSSL verify result: unable to get local issuer certificate (20) (see https://curl.se/libcurl/c/libcurl-errors.html) for https://generativelanguage.googleapis.com/v1beta/models/gemini-2.5-flash:generateContent {"userId":2,"exception":"[object] (GuzzleHttp\\Exception\\RequestException(code: 0): cURL error 60: SSL certificate OpenSSL verify result: unable to get local issuer certificate (20) (see https://curl.se/libcurl/c/libcurl-errors.html) for https://generativelanguage.googleapis.com/v1beta/models/gemini-2.5-flash:generateContent at C:/Users/marcj/Documents/fams-laravel-backup/vendor/guzzlehttp/guzzle/src/Handler/CurlFactory.php:1141)
[stacktrace]
#0 C:/Users/marcj/Documents/fams-laravel-backup/vendor/guzzlehttp/guzzle/src/Handler/CurlFactory.php(1077): GuzzleHttp/Handler/CurlFactory::createRejection()
#1 C:/Users/marcj/Documents/fams-laravel-backup/vendor/guzzlehttp/guzzle/src/Handler/CurlFactory.php(1014): GuzzleHttp/Handler/CurlFactory::finishError()
#2 C:/Users/marcj/Documents/fams-laravel-backup/vendor/guzzlehttp/guzzle/src/Handler/CurlHandler.php(88): GuzzleHttp/Handler/CurlFactory::finish()
#3 C:/Users/marcj/Documents/fams-laravel-backup/vendor/guzzlehttp/guzzle/src/Handler/Proxy.php(28): GuzzleHttp/Handler/CurlHandler->__invoke()
#4 C:/Users/marcj/Documents/fams-laravel-backup/vendor/guzzlehttp/guzzle/src/Handler/Proxy.php(68): GuzzleHttp/Handler/Proxy::GuzzleHttp/Handler/{closure}()
#5 C:/Users/marcj/Documents/fams-laravel-backup/vendor/guzzlehttp/guzzle/src/Handler/Proxy.php(48): GuzzleHttp/Handler/Proxy::GuzzleHttp/Handler/{closure}()
#6 C:/Users/marcj/Documents/fams-laravel-backup/vendor/laravel/framework/src/Illuminate/Http/Client/PendingRequest.php(1340): GuzzleHttp/Handler/Proxy::GuzzleHttp/Handler/{closure}()
#7 C:/Users/marcj/Documents/fams-laravel-backup/vendor/laravel/framework/src/Illuminate/Http/Client/PendingRequest.php(1306): Illuminate/Http/Client/PendingRequest->Illuminate/Http/Client/{closure}()
#8 C:/Users/marcj/Documents/fams-laravel-backup/vendor/laravel/framework/src/Illuminate/Http/Client/PendingRequest.php(1292): Illuminate/Http/Client/PendingRequest->Illuminate/Http/Client/{closure}()
#9 C:/Users/marcj/Documents/fams-laravel-backup/vendor/guzzlehttp/guzzle/src/PrepareBodyMiddleware.php(64): Illuminate/Http/Client/PendingRequest->Illuminate/Http/Client/{closure}()
#10 C:/Users/marcj/Documents/fams-laravel-backup/vendor/guzzlehttp/guzzle/src/Middleware.php(38): GuzzleHttp/PrepareBodyMiddleware->__invoke()
#11 C:/Users/marcj/Documents/fams-laravel-backup/vendor/guzzlehttp/guzzle/src/RedirectMiddleware.php(72): GuzzleHttp/Middleware::GuzzleHttp/{closure}()
#12 C:/Users/marcj/Documents/fams-laravel-backup/vendor/guzzlehttp/guzzle/src/Middleware.php(63): GuzzleHttp/RedirectMiddleware->__invoke()
#13 C:/Users/marcj/Documents/fams-laravel-backup/vendor/guzzlehttp/guzzle/src/HandlerStack.php(75): GuzzleHttp/Middleware::GuzzleHttp/{closure}()
#14 C:/Users/marcj/Documents/fams-laravel-backup/vendor/guzzlehttp/guzzle/src/Client.php(1109): GuzzleHttp/HandlerStack->__invoke()
#15 C:/Users/marcj/Documents/fams-laravel-backup/vendor/guzzlehttp/guzzle/src/Client.php(243): GuzzleHttp/Client->transfer()
#16 C:/Users/marcj/Documents/fams-laravel-backup/vendor/guzzlehttp/guzzle/src/Client.php(273): GuzzleHttp/Client->requestAsync()
#17 C:/Users/marcj/Documents/fams-laravel-backup/vendor/laravel/framework/src/Illuminate/Http/Client/PendingRequest.php(1138): GuzzleHttp/Client->request()
#18 C:/Users/marcj/Documents/fams-laravel-backup/vendor/laravel/framework/src/Illuminate/Http/Client/PendingRequest.php(907): Illuminate/Http/Client/PendingRequest->sendRequest()
#19 C:/Users/marcj/Documents/fams-laravel-backup/vendor/laravel/framework/src/Illuminate/Support/helpers.php(338): Illuminate/Http/Client/PendingRequest->Illuminate/Http/Client/{closure}()
#20 C:/Users/marcj/Documents/fams-laravel-backup/vendor/laravel/framework/src/Illuminate/Http/Client/PendingRequest.php(905): retry()
#21 C:/Users/marcj/Documents/fams-laravel-backup/vendor/laravel/framework/src/Illuminate/Http/Client/PendingRequest.php(804): Illuminate/Http/Client/PendingRequest->send()
#22 C:/Users/marcj/Documents/fams-laravel-backup/app/Services/AiAssistService.php(116): Illuminate/Http/Client/PendingRequest->post()
#23 C:/Users/marcj/Documents/fams-laravel-backup/app/Services/AiAssistService.php(232): App/Services/AiAssistService->llm()
#24 C:/Users/marcj/Documents/fams-laravel-backup/app/Services/AiAssistService.php(55): App/Services/AiAssistService->classify()
#25 C:/Users/marcj/Documents/fams-laravel-backup/app/Http/Controllers/VisitorController.php(83): App/Services/AiAssistService->assist()
#26 C:/Users/marcj/Documents/fams-laravel-backup/vendor/laravel/framework/src/Illuminate/Routing/ControllerDispatcher.php(47): App/Http/Controllers/VisitorController->aiAssist()
#27 C:/Users/marcj/Documents/fams-laravel-backup/vendor/laravel/framework/src/Illuminate/Routing/Route.php(266): Illuminate/Routing/ControllerDispatcher->dispatch()
#28 C:/Users/marcj/Documents/fams-laravel-backup/vendor/laravel/framework/src/Illuminate/Routing/Route.php(212): Illuminate/Routing/Route->runController()
#29 C:/Users/marcj/Documents/fams-laravel-backup/vendor/laravel/framework/src/Illuminate/Routing/Router.php(808): Illuminate/Routing/Route->run()
#30 C:/Users/marcj/Documents/fams-laravel-backup/vendor/laravel/framework/src/Illuminate/Pipeline/Pipeline.php(170): Illuminate/Routing/Router->Illuminate/Routing/{closure}()
#31 C:/Users/marcj/Documents/fams-laravel-backup/app/Http/Middleware/EnsureUserHasRole.php(27): Illuminate/Pipeline/Pipeline->Illuminate/Pipeline/{closure}()
#32 C:/Users/marcj/Documents/fams-laravel-backup/vendor/laravel/framework/src/Illuminate/Pipeline/Pipeline.php(209): App/Http/Middleware/EnsureUserHasRole->handle()
#33 C:/Users/marcj/Documents/fams-laravel-backup/app/Http/Middleware/ForcePasswordChange.php(26): Illuminate/Pipeline/Pipeline->Illuminate/Pipeline/{closure}()
#34 C:/Users/marcj/Documents/fams-laravel-backup/vendor/laravel/framework/src/Illuminate/Pipeline/Pipeline.php(209): App/Http/Middleware/ForcePasswordChange->handle()
#35 C:/Users/marcj/Documents/fams-laravel-backup/app/Http/Middleware/EnsureActiveAccount.php(26): Illuminate/Pipeline/Pipeline->Illuminate/Pipeline/{closure}()
#36 C:/Users/marcj/Documents/fams-laravel-backup/vendor/laravel/framework/src/Illuminate/Pipeline/Pipeline.php(209): App/Http/Middleware/EnsureActiveAccount->handle()
#37 C:/Users/marcj/Documents/fams-laravel-backup/vendor/laravel/framework/src/Illuminate/Routing/Middleware/SubstituteBindings.php(51): Illuminate/Pipeline/Pipeline->Illuminate/Pipeline/{closure}()
#38 C:/Users/marcj/Documents/fams-laravel-backup/vendor/laravel/framework/src/Illuminate/Pipeline/Pipeline.php(209): Illuminate/Routing/Middleware/SubstituteBindings->handle()
#39 C:/Users/marcj/Documents/fams-laravel-backup/vendor/laravel/framework/src/Illuminate/Auth/Middleware/Authenticate.php(64): Illuminate/Pipeline/Pipeline->Illuminate/Pipeline/{closure}()
#40 C:/Users/marcj/Documents/fams-laravel-backup/vendor/laravel/framework/src/Illuminate/Pipeline/Pipeline.php(209): Illuminate/Auth/Middleware/Authenticate->handle()
#41 C:/Users/marcj/Documents/fams-laravel-backup/vendor/laravel/framework/src/Illuminate/Foundation/Http/Middleware/VerifyCsrfToken.php(88): Illuminate/Pipeline/Pipeline->Illuminate/Pipeline/{closure}()
#42 C:/Users/marcj/Documents/fams-laravel-backup/vendor/laravel/framework/src/Illuminate/Pipeline/Pipeline.php(209): Illuminate/Foundation/Http/Middleware/VerifyCsrfToken->handle()
#43 C:/Users/marcj/Documents/fams-laravel-backup/vendor/laravel/framework/src/Illuminate/View/Middleware/ShareErrorsFromSession.php(49): Illuminate/Pipeline/Pipeline->Illuminate/Pipeline/{closure}()
#44 C:/Users/marcj/Documents/fams-laravel-backup/vendor/laravel/framework/src/Illuminate/Pipeline/Pipeline.php(209): Illuminate/View/Middleware/ShareErrorsFromSession->handle()
#45 C:/Users/marcj/Documents/fams-laravel-backup/vendor/laravel/framework/src/Illuminate/Session/Middleware/StartSession.php(121): Illuminate/Pipeline/Pipeline->Illuminate/Pipeline/{closure}()
#46 C:/Users/marcj/Documents/fams-laravel-backup/vendor/laravel/framework/src/Illuminate/Session/Middleware/StartSession.php(64): Illuminate/Session/Middleware/StartSession->handleStatefulRequest()
#47 C:/Users/marcj/Documents/fams-laravel-backup/vendor/laravel/framework/src/Illuminate/Pipeline/Pipeline.php(209): Illuminate/Session/Middleware/StartSession->handle()
#48 C:/Users/marcj/Documents/fams-laravel-backup/vendor/laravel/framework/src/Illuminate/Cookie/Middleware/AddQueuedCookiesToResponse.php(37): Illuminate/Pipeline/Pipeline->Illuminate/Pipeline/{closure}()
#49 C:/Users/marcj/Documents/fams-laravel-backup/vendor/laravel/framework/src/Illuminate/Pipeline/Pipeline.php(209): Illuminate/Cookie/Middleware/AddQueuedCookiesToResponse->handle()
#50 C:/Users/marcj/Documents/fams-laravel-backup/vendor/laravel/framework/src/Illuminate/Cookie/Middleware/EncryptCookies.php(75): Illuminate/Pipeline/Pipeline->Illuminate/Pipeline/{closure}()
#51 C:/Users/marcj/Documents/fams-laravel-backup/vendor/laravel/framework/src/Illuminate/Pipeline/Pipeline.php(209): Illuminate/Cookie/Middleware/EncryptCookies->handle()
#52 C:/Users/marcj/Documents/fams-laravel-backup/vendor/laravel/framework/src/Illuminate/Pipeline/Pipeline.php(127): Illuminate/Pipeline/Pipeline->Illuminate/Pipeline/{closure}()
#53 C:/Users/marcj/Documents/fams-laravel-backup/vendor/laravel/framework/src/Illuminate/Routing/Router.php(807): Illuminate/Pipeline/Pipeline->then()
#54 C:/Users/marcj/Documents/fams-laravel-backup/vendor/laravel/framework/src/Illuminate/Routing/Router.php(786): Illuminate/Routing/Router->runRouteWithinStack()
#55 C:/Users/marcj/Documents/fams-laravel-backup/vendor/laravel/framework/src/Illuminate/Routing/Router.php(750): Illuminate/Routing/Router->runRoute()
#56 C:/Users/marcj/Documents/fams-laravel-backup/vendor/laravel/framework/src/Illuminate/Routing/Router.php(739): Illuminate/Routing/Router->dispatchToRoute()
#57 C:/Users/marcj/Documents/fams-laravel-backup/vendor/laravel/framework/src/Illuminate/Foundation/Http/Kernel.php(201): Illuminate/Routing/Router->dispatch()
#58 C:/Users/marcj/Documents/fams-laravel-backup/vendor/laravel/framework/src/Illuminate/Pipeline/Pipeline.php(170): Illuminate/Foundation/Http/Kernel->Illuminate/Foundation/Http/{closure}()
#59 C:/Users/marcj/Documents/fams-laravel-backup/vendor/laravel/framework/src/Illuminate/Foundation/Http/Middleware/TransformsRequest.php(21): Illuminate/Pipeline/Pipeline->Illuminate/Pipeline/{closure}()
#60 C:/Users/marcj/Documents/fams-laravel-backup/vendor/laravel/framework/src/Illuminate/Foundation/Http/Middleware/ConvertEmptyStringsToNull.php(31): Illuminate/Foundation/Http/Middleware/TransformsRequest->handle()
#61 C:/Users/marcj/Documents/fams-laravel-backup/vendor/laravel/framework/src/Illuminate/Pipeline/Pipeline.php(209): Illuminate/Foundation/Http/Middleware/ConvertEmptyStringsToNull->handle()
#62 C:/Users/marcj/Documents/fams-laravel-backup/vendor/laravel/framework/src/Illuminate/Foundation/Http/Middleware/TransformsRequest.php(21): Illuminate/Pipeline/Pipeline->Illuminate/Pipeline/{closure}()
#63 C:/Users/marcj/Documents/fams-laravel-backup/vendor/laravel/framework/src/Illuminate/Foundation/Http/Middleware/TrimStrings.php(51): Illuminate/Foundation/Http/Middleware/TransformsRequest->handle()
#64 C:/Users/marcj/Documents/fams-laravel-backup/vendor/laravel/framework/src/Illuminate/Pipeline/Pipeline.php(209): Illuminate/Foundation/Http/Middleware/TrimStrings->handle()
#65 C:/Users/marcj/Documents/fams-laravel-backup/vendor/laravel/framework/src/Illuminate/Http/Middleware/ValidatePostSize.php(27): Illuminate/Pipeline/Pipeline->Illuminate/Pipeline/{closure}()
#66 C:/Users/marcj/Documents/fams-laravel-backup/vendor/laravel/framework/src/Illuminate/Pipeline/Pipeline.php(209): Illuminate/Http/Middleware/ValidatePostSize->handle()
#67 C:/Users/marcj/Documents/fams-laravel-backup/vendor/laravel/framework/src/Illuminate/Foundation/Http/Middleware/PreventRequestsDuringMaintenance.php(110): Illuminate/Pipeline/Pipeline->Illuminate/Pipeline/{closure}()
#68 C:/Users/marcj/Documents/fams-laravel-backup/vendor/laravel/framework/src/Illuminate/Pipeline/Pipeline.php(209): Illuminate/Foundation/Http/Middleware/PreventRequestsDuringMaintenance->handle()
#69 C:/Users/marcj/Documents/fams-laravel-backup/vendor/laravel/framework/src/Illuminate/Http/Middleware/HandleCors.php(49): Illuminate/Pipeline/Pipeline->Illuminate/Pipeline/{closure}()
#70 C:/Users/marcj/Documents/fams-laravel-backup/vendor/laravel/framework/src/Illuminate/Pipeline/Pipeline.php(209): Illuminate/Http/Middleware/HandleCors->handle()
#71 C:/Users/marcj/Documents/fams-laravel-backup/vendor/laravel/framework/src/Illuminate/Http/Middleware/TrustProxies.php(58): Illuminate/Pipeline/Pipeline->Illuminate/Pipeline/{closure}()
#72 C:/Users/marcj/Documents/fams-laravel-backup/vendor/laravel/framework/src/Illuminate/Pipeline/Pipeline.php(209): Illuminate/Http/Middleware/TrustProxies->handle()
#73 C:/Users/marcj/Documents/fams-laravel-backup/vendor/laravel/framework/src/Illuminate/Foundation/Http/Middleware/InvokeDeferredCallbacks.php(22): Illuminate/Pipeline/Pipeline->Illuminate/Pipeline/{closure}()
#74 C:/Users/marcj/Documents/fams-laravel-backup/vendor/laravel/framework/src/Illuminate/Pipeline/Pipeline.php(209): Illuminate/Foundation/Http/Middleware/InvokeDeferredCallbacks->handle()
#75 C:/Users/marcj/Documents/fams-laravel-backup/vendor/laravel/framework/src/Illuminate/Pipeline/Pipeline.php(127): Illuminate/Pipeline/Pipeline->Illuminate/Pipeline/{closure}()
#76 C:/Users/marcj/Documents/fams-laravel-backup/vendor/laravel/framework/src/Illuminate/Foundation/Http/Kernel.php(176): Illuminate/Pipeline/Pipeline->then()
#77 C:/Users/marcj/Documents/fams-laravel-backup/vendor/laravel/framework/src/Illuminate/Foundation/Http/Kernel.php(145): Illuminate/Foundation/Http/Kernel->sendRequestThroughRouter()
#78 C:/Users/marcj/Documents/fams-laravel-backup/vendor/laravel/framework/src/Illuminate/Foundation/Application.php(1220): Illuminate/Foundation/Http/Kernel->handle()
#79 C:/Users/marcj/Documents/fams-laravel-backup/public/index.php(15): Illuminate/Foundation/Application->handleRequest()
#80 C:/Users/marcj/Documents/fams-laravel-backup/vendor/laravel/framework/src/Illuminate/Foundation/resources/server.php(23): require_once('...')
#81 {main}
"} 
[2026-09-02 00:33:38] local.ERROR: Gemini API request failed: HTTP 400 {
  "error": {
    "code": 400,
    "message": "Invalid value at 'generation_config.response_format.text.mime_type' (type.googleapis.com/google.ai.generativelanguage.v1beta.TextResponseFormat.MimeType), \"application/json\"",
    "status": "INVALID_ARGUMENT",
    "details": [
      {
        "@type": "type.googleapis.com/google.rpc.BadRequest",
        "fieldViolations": [
          {
            "field": "generation_config.response_format.text.mime_type",
            "description": "Invalid value at 'generation_config.response_format.text.mime_type' (type.googleapis.com/google.ai.generativelanguage.v1beta.TextResponseFormat.MimeType), \"application/json\""
          }
        ]
      }
    ]
  }
}
 {"userId":2,"exception":"[object] (RuntimeException(code: 0): Gemini API request failed: HTTP 400 {
  \"error\": {
    \"code\": 400,
    \"message\": \"Invalid value at 'generation_config.response_format.text.mime_type' (type.googleapis.com/google.ai.generativelanguage.v1beta.TextResponseFormat.MimeType), \\\"application/json\\\"\",
    \"status\": \"INVALID_ARGUMENT\",
    \"details\": [
      {
        \"@type\": \"type.googleapis.com/google.rpc.BadRequest\",
        \"fieldViolations\": [
          {
            \"field\": \"generation_config.response_format.text.mime_type\",
            \"description\": \"Invalid value at 'generation_config.response_format.text.mime_type' (type.googleapis.com/google.ai.generativelanguage.v1beta.TextResponseFormat.MimeType), \\\"application/json\\\"\"
          }
        ]
      }
    ]
  }
}
 at C:/Users/marcj/Documents/fams-laravel-backup/app/Services/AiAssistService.php:140)
[stacktrace]
#0 C:/Users/marcj/Documents/fams-laravel-backup/app/Services/AiAssistService.php(232): App/Services/AiAssistService->llm()
#1 C:/Users/marcj/Documents/fams-laravel-backup/app/Services/AiAssistService.php(55): App/Services/AiAssistService->classify()
#2 C:/Users/marcj/Documents/fams-laravel-backup/app/Http/Controllers/VisitorController.php(83): App/Services/AiAssistService->assist()
#3 C:/Users/marcj/Documents/fams-laravel-backup/vendor/laravel/framework/src/Illuminate/Routing/ControllerDispatcher.php(47): App/Http/Controllers/VisitorController->aiAssist()
#4 C:/Users/marcj/Documents/fams-laravel-backup/vendor/laravel/framework/src/Illuminate/Routing/Route.php(266): Illuminate/Routing/ControllerDispatcher->dispatch()
#5 C:/Users/marcj/Documents/fams-laravel-backup/vendor/laravel/framework/src/Illuminate/Routing/Route.php(212): Illuminate/Routing/Route->runController()
#6 C:/Users/marcj/Documents/fams-laravel-backup/vendor/laravel/framework/src/Illuminate/Routing/Router.php(808): Illuminate/Routing/Route->run()
#7 C:/Users/marcj/Documents/fams-laravel-backup/vendor/laravel/framework/src/Illuminate/Pipeline/Pipeline.php(170): Illuminate/Routing/Router->Illuminate/Routing/{closure}()
#8 C:/Users/marcj/Documents/fams-laravel-backup/app/Http/Middleware/EnsureUserHasRole.php(27): Illuminate/Pipeline/Pipeline->Illuminate/Pipeline/{closure}()
#9 C:/Users/marcj/Documents/fams-laravel-backup/vendor/laravel/framework/src/Illuminate/Pipeline/Pipeline.php(209): App/Http/Middleware/EnsureUserHasRole->handle()
#10 C:/Users/marcj/Documents/fams-laravel-backup/app/Http/Middleware/ForcePasswordChange.php(26): Illuminate/Pipeline/Pipeline->Illuminate/Pipeline/{closure}()
#11 C:/Users/marcj/Documents/fams-laravel-backup/vendor/laravel/framework/src/Illuminate/Pipeline/Pipeline.php(209): App/Http/Middleware/ForcePasswordChange->handle()
#12 C:/Users/marcj/Documents/fams-laravel-backup/app/Http/Middleware/EnsureActiveAccount.php(26): Illuminate/Pipeline/Pipeline->Illuminate/Pipeline/{closure}()
#13 C:/Users/marcj/Documents/fams-laravel-backup/vendor/laravel/framework/src/Illuminate/Pipeline/Pipeline.php(209): App/Http/Middleware/EnsureActiveAccount->handle()
#14 C:/Users/marcj/Documents/fams-laravel-backup/vendor/laravel/framework/src/Illuminate/Routing/Middleware/SubstituteBindings.php(51): Illuminate/Pipeline/Pipeline->Illuminate/Pipeline/{closure}()
#15 C:/Users/marcj/Documents/fams-laravel-backup/vendor/laravel/framework/src/Illuminate/Pipeline/Pipeline.php(209): Illuminate/Routing/Middleware/SubstituteBindings->handle()
#16 C:/Users/marcj/Documents/fams-laravel-backup/vendor/laravel/framework/src/Illuminate/Auth/Middleware/Authenticate.php(64): Illuminate/Pipeline/Pipeline->Illuminate/Pipeline/{closure}()
#17 C:/Users/marcj/Documents/fams-laravel-backup/vendor/laravel/framework/src/Illuminate/Pipeline/Pipeline.php(209): Illuminate/Auth/Middleware/Authenticate->handle()
#18 C:/Users/marcj/Documents/fams-laravel-backup/vendor/laravel/framework/src/Illuminate/Foundation/Http/Middleware/VerifyCsrfToken.php(88): Illuminate/Pipeline/Pipeline->Illuminate/Pipeline/{closure}()
#19 C:/Users/marcj/Documents/fams-laravel-backup/vendor/laravel/framework/src/Illuminate/Pipeline/Pipeline.php(209): Illuminate/Foundation/Http/Middleware/VerifyCsrfToken->handle()
#20 C:/Users/marcj/Documents/fams-laravel-backup/vendor/laravel/framework/src/Illuminate/View/Middleware/ShareErrorsFromSession.php(49): Illuminate/Pipeline/Pipeline->Illuminate/Pipeline/{closure}()
#21 C:/Users/marcj/Documents/fams-laravel-backup/vendor/laravel/framework/src/Illuminate/Pipeline/Pipeline.php(209): Illuminate/View/Middleware/ShareErrorsFromSession->handle()
#22 C:/Users/marcj/Documents/fams-laravel-backup/vendor/laravel/framework/src/Illuminate/Session/Middleware/StartSession.php(121): Illuminate/Pipeline/Pipeline->Illuminate/Pipeline/{closure}()
#23 C:/Users/marcj/Documents/fams-laravel-backup/vendor/laravel/framework/src/Illuminate/Session/Middleware/StartSession.php(64): Illuminate/Session/Middleware/StartSession->handleStatefulRequest()
#24 C:/Users/marcj/Documents/fams-laravel-backup/vendor/laravel/framework/src/Illuminate/Pipeline/Pipeline.php(209): Illuminate/Session/Middleware/StartSession->handle()
#25 C:/Users/marcj/Documents/fams-laravel-backup/vendor/laravel/framework/src/Illuminate/Cookie/Middleware/AddQueuedCookiesToResponse.php(37): Illuminate/Pipeline/Pipeline->Illuminate/Pipeline/{closure}()
#26 C:/Users/marcj/Documents/fams-laravel-backup/vendor/laravel/framework/src/Illuminate/Pipeline/Pipeline.php(209): Illuminate/Cookie/Middleware/AddQueuedCookiesToResponse->handle()
#27 C:/Users/marcj/Documents/fams-laravel-backup/vendor/laravel/framework/src/Illuminate/Cookie/Middleware/EncryptCookies.php(75): Illuminate/Pipeline/Pipeline->Illuminate/Pipeline/{closure}()
#28 C:/Users/marcj/Documents/fams-laravel-backup/vendor/laravel/framework/src/Illuminate/Pipeline/Pipeline.php(209): Illuminate/Cookie/Middleware/EncryptCookies->handle()
#29 C:/Users/marcj/Documents/fams-laravel-backup/vendor/laravel/framework/src/Illuminate/Pipeline/Pipeline.php(127): Illuminate/Pipeline/Pipeline->Illuminate/Pipeline/{closure}()
#30 C:/Users/marcj/Documents/fams-laravel-backup/vendor/laravel/framework/src/Illuminate/Routing/Router.php(807): Illuminate/Pipeline/Pipeline->then()
#31 C:/Users/marcj/Documents/fams-laravel-backup/vendor/laravel/framework/src/Illuminate/Routing/Router.php(786): Illuminate/Routing/Router->runRouteWithinStack()
#32 C:/Users/marcj/Documents/fams-laravel-backup/vendor/laravel/framework/src/Illuminate/Routing/Router.php(750): Illuminate/Routing/Router->runRoute()
#33 C:/Users/marcj/Documents/fams-laravel-backup/vendor/laravel/framework/src/Illuminate/Routing/Router.php(739): Illuminate/Routing/Router->dispatchToRoute()
#34 C:/Users/marcj/Documents/fams-laravel-backup/vendor/laravel/framework/src/Illuminate/Foundation/Http/Kernel.php(201): Illuminate/Routing/Router->dispatch()
#35 C:/Users/marcj/Documents/fams-laravel-backup/vendor/laravel/framework/src/Illuminate/Pipeline/Pipeline.php(170): Illuminate/Foundation/Http/Kernel->Illuminate/Foundation/Http/{closure}()
#36 C:/Users/marcj/Documents/fams-laravel-backup/vendor/laravel/framework/src/Illuminate/Foundation/Http/Middleware/TransformsRequest.php(21): Illuminate/Pipeline/Pipeline->Illuminate/Pipeline/{closure}()
#37 C:/Users/marcj/Documents/fams-laravel-backup/vendor/laravel/framework/src/Illuminate/Foundation/Http/Middleware/ConvertEmptyStringsToNull.php(31): Illuminate/Foundation/Http/Middleware/TransformsRequest->handle()
#38 C:/Users/marcj/Documents/fams-laravel-backup/vendor/laravel/framework/src/Illuminate/Pipeline/Pipeline.php(209): Illuminate/Foundation/Http/Middleware/ConvertEmptyStringsToNull->handle()
#39 C:/Users/marcj/Documents/fams-laravel-backup/vendor/laravel/framework/src/Illuminate/Foundation/Http/Middleware/TransformsRequest.php(21): Illuminate/Pipeline/Pipeline->Illuminate/Pipeline/{closure}()
#40 C:/Users/marcj/Documents/fams-laravel-backup/vendor/laravel/framework/src/Illuminate/Foundation/Http/Middleware/TrimStrings.php(51): Illuminate/Foundation/Http/Middleware/TransformsRequest->handle()
#41 C:/Users/marcj/Documents/fams-laravel-backup/vendor/laravel/framework/src/Illuminate/Pipeline/Pipeline.php(209): Illuminate/Foundation/Http/Middleware/TrimStrings->handle()
#42 C:/Users/marcj/Documents/fams-laravel-backup/vendor/laravel/framework/src/Illuminate/Http/Middleware/ValidatePostSize.php(27): Illuminate/Pipeline/Pipeline->Illuminate/Pipeline/{closure}()
#43 C:/Users/marcj/Documents/fams-laravel-backup/vendor/laravel/framework/src/Illuminate/Pipeline/Pipeline.php(209): Illuminate/Http/Middleware/ValidatePostSize->handle()
#44 C:/Users/marcj/Documents/fams-laravel-backup/vendor/laravel/framework/src/Illuminate/Foundation/Http/Middleware/PreventRequestsDuringMaintenance.php(110): Illuminate/Pipeline/Pipeline->Illuminate/Pipeline/{closure}()
#45 C:/Users/marcj/Documents/fams-laravel-backup/vendor/laravel/framework/src/Illuminate/Pipeline/Pipeline.php(209): Illuminate/Foundation/Http/Middleware/PreventRequestsDuringMaintenance->handle()
#46 C:/Users/marcj/Documents/fams-laravel-backup/vendor/laravel/framework/src/Illuminate/Http/Middleware/HandleCors.php(49): Illuminate/Pipeline/Pipeline->Illuminate/Pipeline/{closure}()
#47 C:/Users/marcj/Documents/fams-laravel-backup/vendor/laravel/framework/src/Illuminate/Pipeline/Pipeline.php(209): Illuminate/Http/Middleware/HandleCors->handle()
#48 C:/Users/marcj/Documents/fams-laravel-backup/vendor/laravel/framework/src/Illuminate/Http/Middleware/TrustProxies.php(58): Illuminate/Pipeline/Pipeline->Illuminate/Pipeline/{closure}()
#49 C:/Users/marcj/Documents/fams-laravel-backup/vendor/laravel/framework/src/Illuminate/Pipeline/Pipeline.php(209): Illuminate/Http/Middleware/TrustProxies->handle()
#50 C:/Users/marcj/Documents/fams-laravel-backup/vendor/laravel/framework/src/Illuminate/Foundation/Http/Middleware/InvokeDeferredCallbacks.php(22): Illuminate/Pipeline/Pipeline->Illuminate/Pipeline/{closure}()
#51 C:/Users/marcj/Documents/fams-laravel-backup/vendor/laravel/framework/src/Illuminate/Pipeline/Pipeline.php(209): Illuminate/Foundation/Http/Middleware/InvokeDeferredCallbacks->handle()
#52 C:/Users/marcj/Documents/fams-laravel-backup/vendor/laravel/framework/src/Illuminate/Pipeline/Pipeline.php(127): Illuminate/Pipeline/Pipeline->Illuminate/Pipeline/{closure}()
#53 C:/Users/marcj/Documents/fams-laravel-backup/vendor/laravel/framework/src/Illuminate/Foundation/Http/Kernel.php(176): Illuminate/Pipeline/Pipeline->then()
#54 C:/Users/marcj/Documents/fams-laravel-backup/vendor/laravel/framework/src/Illuminate/Foundation/Http/Kernel.php(145): Illuminate/Foundation/Http/Kernel->sendRequestThroughRouter()
#55 C:/Users/marcj/Documents/fams-laravel-backup/vendor/laravel/framework/src/Illuminate/Foundation/Application.php(1220): Illuminate/Foundation/Http/Kernel->handle()
#56 C:/Users/marcj/Documents/fams-laravel-backup/public/index.php(15): Illuminate/Foundation/Application->handleRequest()
#57 C:/Users/marcj/Documents/fams-laravel-backup/vendor/laravel/framework/src/Illuminate/Foundation/resources/server.php(23): require_once('...')
#58 {main}
"} 
[2026-09-02 00:38:07] local.ERROR: Gemini API request failed: HTTP 400 {
  "error": {
    "code": 400,
    "message": "Invalid value at 'generation_config.response_format.text.mime_type' (type.googleapis.com/google.ai.generativelanguage.v1beta.TextResponseFormat.MimeType), \"application/json\"",
    "status": "INVALID_ARGUMENT",
    "details": [
      {
        "@type": "type.googleapis.com/google.rpc.BadRequest",
        "fieldViolations": [
          {
            "field": "generation_config.response_format.text.mime_type",
            "description": "Invalid value at 'generation_config.response_format.text.mime_type' (type.googleapis.com/google.ai.generativelanguage.v1beta.TextResponseFormat.MimeType), \"application/json\""
          }
        ]
      }
    ]
  }
}
 {"userId":2,"exception":"[object] (RuntimeException(code: 0): Gemini API request failed: HTTP 400 {
  \"error\": {
    \"code\": 400,
    \"message\": \"Invalid value at 'generation_config.response_format.text.mime_type' (type.googleapis.com/google.ai.generativelanguage.v1beta.TextResponseFormat.MimeType), \\\"application/json\\\"\",
    \"status\": \"INVALID_ARGUMENT\",
    \"details\": [
      {
        \"@type\": \"type.googleapis.com/google.rpc.BadRequest\",
        \"fieldViolations\": [
          {
            \"field\": \"generation_config.response_format.text.mime_type\",
            \"description\": \"Invalid value at 'generation_config.response_format.text.mime_type' (type.googleapis.com/google.ai.generativelanguage.v1beta.TextResponseFormat.MimeType), \\\"application/json\\\"\"
          }
        ]
      }
    ]
  }
}
 at C:/Users/marcj/Documents/fams-laravel-backup/app/Services/AiAssistService.php:140)
[stacktrace]
#0 C:/Users/marcj/Documents/fams-laravel-backup/app/Services/AiAssistService.php(232): App/Services/AiAssistService->llm()
#1 C:/Users/marcj/Documents/fams-laravel-backup/app/Services/AiAssistService.php(55): App/Services/AiAssistService->classify()
#2 C:/Users/marcj/Documents/fams-laravel-backup/app/Http/Controllers/VisitorController.php(83): App/Services/AiAssistService->assist()
#3 C:/Users/marcj/Documents/fams-laravel-backup/vendor/laravel/framework/src/Illuminate/Routing/ControllerDispatcher.php(47): App/Http/Controllers/VisitorController->aiAssist()
#4 C:/Users/marcj/Documents/fams-laravel-backup/vendor/laravel/framework/src/Illuminate/Routing/Route.php(266): Illuminate/Routing/ControllerDispatcher->dispatch()
#5 C:/Users/marcj/Documents/fams-laravel-backup/vendor/laravel/framework/src/Illuminate/Routing/Route.php(212): Illuminate/Routing/Route->runController()
#6 C:/Users/marcj/Documents/fams-laravel-backup/vendor/laravel/framework/src/Illuminate/Routing/Router.php(808): Illuminate/Routing/Route->run()
#7 C:/Users/marcj/Documents/fams-laravel-backup/vendor/laravel/framework/src/Illuminate/Pipeline/Pipeline.php(170): Illuminate/Routing/Router->Illuminate/Routing/{closure}()
#8 C:/Users/marcj/Documents/fams-laravel-backup/app/Http/Middleware/EnsureUserHasRole.php(27): Illuminate/Pipeline/Pipeline->Illuminate/Pipeline/{closure}()
#9 C:/Users/marcj/Documents/fams-laravel-backup/vendor/laravel/framework/src/Illuminate/Pipeline/Pipeline.php(209): App/Http/Middleware/EnsureUserHasRole->handle()
#10 C:/Users/marcj/Documents/fams-laravel-backup/app/Http/Middleware/ForcePasswordChange.php(26): Illuminate/Pipeline/Pipeline->Illuminate/Pipeline/{closure}()
#11 C:/Users/marcj/Documents/fams-laravel-backup/vendor/laravel/framework/src/Illuminate/Pipeline/Pipeline.php(209): App/Http/Middleware/ForcePasswordChange->handle()
#12 C:/Users/marcj/Documents/fams-laravel-backup/app/Http/Middleware/EnsureActiveAccount.php(26): Illuminate/Pipeline/Pipeline->Illuminate/Pipeline/{closure}()
#13 C:/Users/marcj/Documents/fams-laravel-backup/vendor/laravel/framework/src/Illuminate/Pipeline/Pipeline.php(209): App/Http/Middleware/EnsureActiveAccount->handle()
#14 C:/Users/marcj/Documents/fams-laravel-backup/vendor/laravel/framework/src/Illuminate/Routing/Middleware/SubstituteBindings.php(51): Illuminate/Pipeline/Pipeline->Illuminate/Pipeline/{closure}()
#15 C:/Users/marcj/Documents/fams-laravel-backup/vendor/laravel/framework/src/Illuminate/Pipeline/Pipeline.php(209): Illuminate/Routing/Middleware/SubstituteBindings->handle()
#16 C:/Users/marcj/Documents/fams-laravel-backup/vendor/laravel/framework/src/Illuminate/Auth/Middleware/Authenticate.php(64): Illuminate/Pipeline/Pipeline->Illuminate/Pipeline/{closure}()
#17 C:/Users/marcj/Documents/fams-laravel-backup/vendor/laravel/framework/src/Illuminate/Pipeline/Pipeline.php(209): Illuminate/Auth/Middleware/Authenticate->handle()
#18 C:/Users/marcj/Documents/fams-laravel-backup/vendor/laravel/framework/src/Illuminate/Foundation/Http/Middleware/VerifyCsrfToken.php(88): Illuminate/Pipeline/Pipeline->Illuminate/Pipeline/{closure}()
#19 C:/Users/marcj/Documents/fams-laravel-backup/vendor/laravel/framework/src/Illuminate/Pipeline/Pipeline.php(209): Illuminate/Foundation/Http/Middleware/VerifyCsrfToken->handle()
#20 C:/Users/marcj/Documents/fams-laravel-backup/vendor/laravel/framework/src/Illuminate/View/Middleware/ShareErrorsFromSession.php(49): Illuminate/Pipeline/Pipeline->Illuminate/Pipeline/{closure}()
#21 C:/Users/marcj/Documents/fams-laravel-backup/vendor/laravel/framework/src/Illuminate/Pipeline/Pipeline.php(209): Illuminate/View/Middleware/ShareErrorsFromSession->handle()
#22 C:/Users/marcj/Documents/fams-laravel-backup/vendor/laravel/framework/src/Illuminate/Session/Middleware/StartSession.php(121): Illuminate/Pipeline/Pipeline->Illuminate/Pipeline/{closure}()
#23 C:/Users/marcj/Documents/fams-laravel-backup/vendor/laravel/framework/src/Illuminate/Session/Middleware/StartSession.php(64): Illuminate/Session/Middleware/StartSession->handleStatefulRequest()
#24 C:/Users/marcj/Documents/fams-laravel-backup/vendor/laravel/framework/src/Illuminate/Pipeline/Pipeline.php(209): Illuminate/Session/Middleware/StartSession->handle()
#25 C:/Users/marcj/Documents/fams-laravel-backup/vendor/laravel/framework/src/Illuminate/Cookie/Middleware/AddQueuedCookiesToResponse.php(37): Illuminate/Pipeline/Pipeline->Illuminate/Pipeline/{closure}()
#26 C:/Users/marcj/Documents/fams-laravel-backup/vendor/laravel/framework/src/Illuminate/Pipeline/Pipeline.php(209): Illuminate/Cookie/Middleware/AddQueuedCookiesToResponse->handle()
#27 C:/Users/marcj/Documents/fams-laravel-backup/vendor/laravel/framework/src/Illuminate/Cookie/Middleware/EncryptCookies.php(75): Illuminate/Pipeline/Pipeline->Illuminate/Pipeline/{closure}()
#28 C:/Users/marcj/Documents/fams-laravel-backup/vendor/laravel/framework/src/Illuminate/Pipeline/Pipeline.php(209): Illuminate/Cookie/Middleware/EncryptCookies->handle()
#29 C:/Users/marcj/Documents/fams-laravel-backup/vendor/laravel/framework/src/Illuminate/Pipeline/Pipeline.php(127): Illuminate/Pipeline/Pipeline->Illuminate/Pipeline/{closure}()
#30 C:/Users/marcj/Documents/fams-laravel-backup/vendor/laravel/framework/src/Illuminate/Routing/Router.php(807): Illuminate/Pipeline/Pipeline->then()
#31 C:/Users/marcj/Documents/fams-laravel-backup/vendor/laravel/framework/src/Illuminate/Routing/Router.php(786): Illuminate/Routing/Router->runRouteWithinStack()
#32 C:/Users/marcj/Documents/fams-laravel-backup/vendor/laravel/framework/src/Illuminate/Routing/Router.php(750): Illuminate/Routing/Router->runRoute()
#33 C:/Users/marcj/Documents/fams-laravel-backup/vendor/laravel/framework/src/Illuminate/Routing/Router.php(739): Illuminate/Routing/Router->dispatchToRoute()
#34 C:/Users/marcj/Documents/fams-laravel-backup/vendor/laravel/framework/src/Illuminate/Foundation/Http/Kernel.php(201): Illuminate/Routing/Router->dispatch()
#35 C:/Users/marcj/Documents/fams-laravel-backup/vendor/laravel/framework/src/Illuminate/Pipeline/Pipeline.php(170): Illuminate/Foundation/Http/Kernel->Illuminate/Foundation/Http/{closure}()
#36 C:/Users/marcj/Documents/fams-laravel-backup/vendor/laravel/framework/src/Illuminate/Foundation/Http/Middleware/TransformsRequest.php(21): Illuminate/Pipeline/Pipeline->Illuminate/Pipeline/{closure}()
#37 C:/Users/marcj/Documents/fams-laravel-backup/vendor/laravel/framework/src/Illuminate/Foundation/Http/Middleware/ConvertEmptyStringsToNull.php(31): Illuminate/Foundation/Http/Middleware/TransformsRequest->handle()
#38 C:/Users/marcj/Documents/fams-laravel-backup/vendor/laravel/framework/src/Illuminate/Pipeline/Pipeline.php(209): Illuminate/Foundation/Http/Middleware/ConvertEmptyStringsToNull->handle()
#39 C:/Users/marcj/Documents/fams-laravel-backup/vendor/laravel/framework/src/Illuminate/Foundation/Http/Middleware/TransformsRequest.php(21): Illuminate/Pipeline/Pipeline->Illuminate/Pipeline/{closure}()
#40 C:/Users/marcj/Documents/fams-laravel-backup/vendor/laravel/framework/src/Illuminate/Foundation/Http/Middleware/TrimStrings.php(51): Illuminate/Foundation/Http/Middleware/TransformsRequest->handle()
#41 C:/Users/marcj/Documents/fams-laravel-backup/vendor/laravel/framework/src/Illuminate/Pipeline/Pipeline.php(209): Illuminate/Foundation/Http/Middleware/TrimStrings->handle()
#42 C:/Users/marcj/Documents/fams-laravel-backup/vendor/laravel/framework/src/Illuminate/Http/Middleware/ValidatePostSize.php(27): Illuminate/Pipeline/Pipeline->Illuminate/Pipeline/{closure}()
#43 C:/Users/marcj/Documents/fams-laravel-backup/vendor/laravel/framework/src/Illuminate/Pipeline/Pipeline.php(209): Illuminate/Http/Middleware/ValidatePostSize->handle()
#44 C:/Users/marcj/Documents/fams-laravel-backup/vendor/laravel/framework/src/Illuminate/Foundation/Http/Middleware/PreventRequestsDuringMaintenance.php(110): Illuminate/Pipeline/Pipeline->Illuminate/Pipeline/{closure}()
#45 C:/Users/marcj/Documents/fams-laravel-backup/vendor/laravel/framework/src/Illuminate/Pipeline/Pipeline.php(209): Illuminate/Foundation/Http/Middleware/PreventRequestsDuringMaintenance->handle()
#46 C:/Users/marcj/Documents/fams-laravel-backup/vendor/laravel/framework/src/Illuminate/Http/Middleware/HandleCors.php(49): Illuminate/Pipeline/Pipeline->Illuminate/Pipeline/{closure}()
#47 C:/Users/marcj/Documents/fams-laravel-backup/vendor/laravel/framework/src/Illuminate/Pipeline/Pipeline.php(209): Illuminate/Http/Middleware/HandleCors->handle()
#48 C:/Users/marcj/Documents/fams-laravel-backup/vendor/laravel/framework/src/Illuminate/Http/Middleware/TrustProxies.php(58): Illuminate/Pipeline/Pipeline->Illuminate/Pipeline/{closure}()
#49 C:/Users/marcj/Documents/fams-laravel-backup/vendor/laravel/framework/src/Illuminate/Pipeline/Pipeline.php(209): Illuminate/Http/Middleware/TrustProxies->handle()
#50 C:/Users/marcj/Documents/fams-laravel-backup/vendor/laravel/framework/src/Illuminate/Foundation/Http/Middleware/InvokeDeferredCallbacks.php(22): Illuminate/Pipeline/Pipeline->Illuminate/Pipeline/{closure}()
#51 C:/Users/marcj/Documents/fams-laravel-backup/vendor/laravel/framework/src/Illuminate/Pipeline/Pipeline.php(209): Illuminate/Foundation/Http/Middleware/InvokeDeferredCallbacks->handle()
#52 C:/Users/marcj/Documents/fams-laravel-backup/vendor/laravel/framework/src/Illuminate/Pipeline/Pipeline.php(127): Illuminate/Pipeline/Pipeline->Illuminate/Pipeline/{closure}()
#53 C:/Users/marcj/Documents/fams-laravel-backup/vendor/laravel/framework/src/Illuminate/Foundation/Http/Kernel.php(176): Illuminate/Pipeline/Pipeline->then()
#54 C:/Users/marcj/Documents/fams-laravel-backup/vendor/laravel/framework/src/Illuminate/Foundation/Http/Kernel.php(145): Illuminate/Foundation/Http/Kernel->sendRequestThroughRouter()
#55 C:/Users/marcj/Documents/fams-laravel-backup/vendor/laravel/framework/src/Illuminate/Foundation/Application.php(1220): Illuminate/Foundation/Http/Kernel->handle()
#56 C:/Users/marcj/Documents/fams-laravel-backup/public/index.php(15): Illuminate/Foundation/Application->handleRequest()
#57 C:/Users/marcj/Documents/fams-laravel-backup/vendor/laravel/framework/src/Illuminate/Foundation/resources/server.php(23): require_once('...')
#58 {main}
"} 
[2026-09-02 00:41:30] local.ERROR: PHP Parse error: Syntax error, unexpected '/' on line 1 {"exception":"[object] (Psy\\Exception\\ParseErrorException(code: 0): PHP Parse error: Syntax error, unexpected '/' on line 1 at C:/Users/marcj/Documents/fams-laravel-backup/vendor/psy/psysh/src/Exception/ParseErrorException.php:44)
[stacktrace]
#0 C:/Users/marcj/Documents/fams-laravel-backup/vendor/psy/psysh/src/CodeCleaner.php(657): Psy/Exception/ParseErrorException::fromParseError()
#1 C:/Users/marcj/Documents/fams-laravel-backup/vendor/psy/psysh/src/CodeCleaner.php(273): Psy/CodeCleaner->parse()
#2 C:/Users/marcj/Documents/fams-laravel-backup/vendor/psy/psysh/src/Shell.php(1399): Psy/CodeCleaner->clean()
#3 C:/Users/marcj/Documents/fams-laravel-backup/vendor/psy/psysh/src/Shell.php(1506): Psy/Shell->appendCode()
#4 C:/Users/marcj/Documents/fams-laravel-backup/vendor/psy/psysh/src/Shell.php(2215): Psy/Shell->setCode()
#5 C:/Users/marcj/Documents/fams-laravel-backup/vendor/laravel/tinker/src/Console/TinkerCommand.php(77): Psy/Shell->execute()
#6 C:/Users/marcj/Documents/fams-laravel-backup/vendor/laravel/framework/src/Illuminate/Container/BoundMethod.php(36): Laravel/Tinker/Console/TinkerCommand->handle()
#7 C:/Users/marcj/Documents/fams-laravel-backup/vendor/laravel/framework/src/Illuminate/Container/Util.php(43): Illuminate/Container/BoundMethod::Illuminate/Container/{closure}()
#8 C:/Users/marcj/Documents/fams-laravel-backup/vendor/laravel/framework/src/Illuminate/Container/BoundMethod.php(95): Illuminate/Container/Util::unwrapIfClosure()
#9 C:/Users/marcj/Documents/fams-laravel-backup/vendor/laravel/framework/src/Illuminate/Container/BoundMethod.php(35): Illuminate/Container/BoundMethod::callBoundMethod()
#10 C:/Users/marcj/Documents/fams-laravel-backup/vendor/laravel/framework/src/Illuminate/Container/Container.php(696): Illuminate/Container/BoundMethod::call()
#11 C:/Users/marcj/Documents/fams-laravel-backup/vendor/laravel/framework/src/Illuminate/Console/Command.php(213): Illuminate/Container/Container->call()
#12 C:/Users/marcj/Documents/fams-laravel-backup/vendor/symfony/console/Command/Command.php(341): Illuminate/Console/Command->execute()
#13 C:/Users/marcj/Documents/fams-laravel-backup/vendor/laravel/framework/src/Illuminate/Console/Command.php(182): Symfony/Component/Console/Command/Command->run()
#14 C:/Users/marcj/Documents/fams-laravel-backup/vendor/symfony/console/Application.php(1117): Illuminate/Console/Command->run()
#15 C:/Users/marcj/Documents/fams-laravel-backup/vendor/symfony/console/Application.php(356): Symfony/Component/Console/Application->doRunCommand()
#16 C:/Users/marcj/Documents/fams-laravel-backup/vendor/symfony/console/Application.php(195): Symfony/Component/Console/Application->doRun()
#17 C:/Users/marcj/Documents/fams-laravel-backup/vendor/laravel/framework/src/Illuminate/Foundation/Console/Kernel.php(198): Symfony/Component/Console/Application->run()
#18 C:/Users/marcj/Documents/fams-laravel-backup/vendor/laravel/framework/src/Illuminate/Foundation/Application.php(1235): Illuminate/Foundation/Console/Kernel->handle()
#19 C:/Users/marcj/Documents/fams-laravel-backup/artisan(13): Illuminate/Foundation/Application->handleCommand()
#20 {main}
"} 
[2026-09-02 00:57:36] local.ERROR: Gemini API request failed: HTTP 400 {
  "error": {
    "code": 400,
    "message": "Invalid value at 'generation_config.response_format.text.mime_type' (type.googleapis.com/google.ai.generativelanguage.v1beta.TextResponseFormat.MimeType), \"application/json\"",
    "status": "INVALID_ARGUMENT",
    "details": [
      {
        "@type": "type.googleapis.com/google.rpc.BadRequest",
        "fieldViolations": [
          {
            "field": "generation_config.response_format.text.mime_type",
            "description": "Invalid value at 'generation_config.response_format.text.mime_type' (type.googleapis.com/google.ai.generativelanguage.v1beta.TextResponseFormat.MimeType), \"application/json\""
          }
        ]
      }
    ]
  }
}
 {"userId":2,"exception":"[object] (RuntimeException(code: 0): Gemini API request failed: HTTP 400 {
  \"error\": {
    \"code\": 400,
    \"message\": \"Invalid value at 'generation_config.response_format.text.mime_type' (type.googleapis.com/google.ai.generativelanguage.v1beta.TextResponseFormat.MimeType), \\\"application/json\\\"\",
    \"status\": \"INVALID_ARGUMENT\",
    \"details\": [
      {
        \"@type\": \"type.googleapis.com/google.rpc.BadRequest\",
        \"fieldViolations\": [
          {
            \"field\": \"generation_config.response_format.text.mime_type\",
            \"description\": \"Invalid value at 'generation_config.response_format.text.mime_type' (type.googleapis.com/google.ai.generativelanguage.v1beta.TextResponseFormat.MimeType), \\\"application/json\\\"\"
          }
        ]
      }
    ]
  }
}
 at C:/Users/marcj/Documents/fams-laravel-backup/app/Services/AiAssistService.php:140)
[stacktrace]
#0 C:/Users/marcj/Documents/fams-laravel-backup/app/Services/AiAssistService.php(232): App/Services/AiAssistService->llm()
#1 C:/Users/marcj/Documents/fams-laravel-backup/app/Services/AiAssistService.php(55): App/Services/AiAssistService->classify()
#2 C:/Users/marcj/Documents/fams-laravel-backup/app/Http/Controllers/VisitorController.php(83): App/Services/AiAssistService->assist()
#3 C:/Users/marcj/Documents/fams-laravel-backup/vendor/laravel/framework/src/Illuminate/Routing/ControllerDispatcher.php(47): App/Http/Controllers/VisitorController->aiAssist()
#4 C:/Users/marcj/Documents/fams-laravel-backup/vendor/laravel/framework/src/Illuminate/Routing/Route.php(266): Illuminate/Routing/ControllerDispatcher->dispatch()
#5 C:/Users/marcj/Documents/fams-laravel-backup/vendor/laravel/framework/src/Illuminate/Routing/Route.php(212): Illuminate/Routing/Route->runController()
#6 C:/Users/marcj/Documents/fams-laravel-backup/vendor/laravel/framework/src/Illuminate/Routing/Router.php(808): Illuminate/Routing/Route->run()
#7 C:/Users/marcj/Documents/fams-laravel-backup/vendor/laravel/framework/src/Illuminate/Pipeline/Pipeline.php(170): Illuminate/Routing/Router->Illuminate/Routing/{closure}()
#8 C:/Users/marcj/Documents/fams-laravel-backup/app/Http/Middleware/EnsureUserHasRole.php(27): Illuminate/Pipeline/Pipeline->Illuminate/Pipeline/{closure}()
#9 C:/Users/marcj/Documents/fams-laravel-backup/vendor/laravel/framework/src/Illuminate/Pipeline/Pipeline.php(209): App/Http/Middleware/EnsureUserHasRole->handle()
#10 C:/Users/marcj/Documents/fams-laravel-backup/app/Http/Middleware/ForcePasswordChange.php(26): Illuminate/Pipeline/Pipeline->Illuminate/Pipeline/{closure}()
#11 C:/Users/marcj/Documents/fams-laravel-backup/vendor/laravel/framework/src/Illuminate/Pipeline/Pipeline.php(209): App/Http/Middleware/ForcePasswordChange->handle()
#12 C:/Users/marcj/Documents/fams-laravel-backup/app/Http/Middleware/EnsureActiveAccount.php(26): Illuminate/Pipeline/Pipeline->Illuminate/Pipeline/{closure}()
#13 C:/Users/marcj/Documents/fams-laravel-backup/vendor/laravel/framework/src/Illuminate/Pipeline/Pipeline.php(209): App/Http/Middleware/EnsureActiveAccount->handle()
#14 C:/Users/marcj/Documents/fams-laravel-backup/vendor/laravel/framework/src/Illuminate/Routing/Middleware/SubstituteBindings.php(51): Illuminate/Pipeline/Pipeline->Illuminate/Pipeline/{closure}()
#15 C:/Users/marcj/Documents/fams-laravel-backup/vendor/laravel/framework/src/Illuminate/Pipeline/Pipeline.php(209): Illuminate/Routing/Middleware/SubstituteBindings->handle()
#16 C:/Users/marcj/Documents/fams-laravel-backup/vendor/laravel/framework/src/Illuminate/Auth/Middleware/Authenticate.php(64): Illuminate/Pipeline/Pipeline->Illuminate/Pipeline/{closure}()
#17 C:/Users/marcj/Documents/fams-laravel-backup/vendor/laravel/framework/src/Illuminate/Pipeline/Pipeline.php(209): Illuminate/Auth/Middleware/Authenticate->handle()
#18 C:/Users/marcj/Documents/fams-laravel-backup/vendor/laravel/framework/src/Illuminate/Foundation/Http/Middleware/VerifyCsrfToken.php(88): Illuminate/Pipeline/Pipeline->Illuminate/Pipeline/{closure}()
#19 C:/Users/marcj/Documents/fams-laravel-backup/vendor/laravel/framework/src/Illuminate/Pipeline/Pipeline.php(209): Illuminate/Foundation/Http/Middleware/VerifyCsrfToken->handle()
#20 C:/Users/marcj/Documents/fams-laravel-backup/vendor/laravel/framework/src/Illuminate/View/Middleware/ShareErrorsFromSession.php(49): Illuminate/Pipeline/Pipeline->Illuminate/Pipeline/{closure}()
#21 C:/Users/marcj/Documents/fams-laravel-backup/vendor/laravel/framework/src/Illuminate/Pipeline/Pipeline.php(209): Illuminate/View/Middleware/ShareErrorsFromSession->handle()
#22 C:/Users/marcj/Documents/fams-laravel-backup/vendor/laravel/framework/src/Illuminate/Session/Middleware/StartSession.php(121): Illuminate/Pipeline/Pipeline->Illuminate/Pipeline/{closure}()
#23 C:/Users/marcj/Documents/fams-laravel-backup/vendor/laravel/framework/src/Illuminate/Session/Middleware/StartSession.php(64): Illuminate/Session/Middleware/StartSession->handleStatefulRequest()
#24 C:/Users/marcj/Documents/fams-laravel-backup/vendor/laravel/framework/src/Illuminate/Pipeline/Pipeline.php(209): Illuminate/Session/Middleware/StartSession->handle()
#25 C:/Users/marcj/Documents/fams-laravel-backup/vendor/laravel/framework/src/Illuminate/Cookie/Middleware/AddQueuedCookiesToResponse.php(37): Illuminate/Pipeline/Pipeline->Illuminate/Pipeline/{closure}()
#26 C:/Users/marcj/Documents/fams-laravel-backup/vendor/laravel/framework/src/Illuminate/Pipeline/Pipeline.php(209): Illuminate/Cookie/Middleware/AddQueuedCookiesToResponse->handle()
#27 C:/Users/marcj/Documents/fams-laravel-backup/vendor/laravel/framework/src/Illuminate/Cookie/Middleware/EncryptCookies.php(75): Illuminate/Pipeline/Pipeline->Illuminate/Pipeline/{closure}()
#28 C:/Users/marcj/Documents/fams-laravel-backup/vendor/laravel/framework/src/Illuminate/Pipeline/Pipeline.php(209): Illuminate/Cookie/Middleware/EncryptCookies->handle()
#29 C:/Users/marcj/Documents/fams-laravel-backup/vendor/laravel/framework/src/Illuminate/Pipeline/Pipeline.php(127): Illuminate/Pipeline/Pipeline->Illuminate/Pipeline/{closure}()
#30 C:/Users/marcj/Documents/fams-laravel-backup/vendor/laravel/framework/src/Illuminate/Routing/Router.php(807): Illuminate/Pipeline/Pipeline->then()
#31 C:/Users/marcj/Documents/fams-laravel-backup/vendor/laravel/framework/src/Illuminate/Routing/Router.php(786): Illuminate/Routing/Router->runRouteWithinStack()
#32 C:/Users/marcj/Documents/fams-laravel-backup/vendor/laravel/framework/src/Illuminate/Routing/Router.php(750): Illuminate/Routing/Router->runRoute()
#33 C:/Users/marcj/Documents/fams-laravel-backup/vendor/laravel/framework/src/Illuminate/Routing/Router.php(739): Illuminate/Routing/Router->dispatchToRoute()
#34 C:/Users/marcj/Documents/fams-laravel-backup/vendor/laravel/framework/src/Illuminate/Foundation/Http/Kernel.php(201): Illuminate/Routing/Router->dispatch()
#35 C:/Users/marcj/Documents/fams-laravel-backup/vendor/laravel/framework/src/Illuminate/Pipeline/Pipeline.php(170): Illuminate/Foundation/Http/Kernel->Illuminate/Foundation/Http/{closure}()
#36 C:/Users/marcj/Documents/fams-laravel-backup/vendor/laravel/framework/src/Illuminate/Foundation/Http/Middleware/TransformsRequest.php(21): Illuminate/Pipeline/Pipeline->Illuminate/Pipeline/{closure}()
#37 C:/Users/marcj/Documents/fams-laravel-backup/vendor/laravel/framework/src/Illuminate/Foundation/Http/Middleware/ConvertEmptyStringsToNull.php(31): Illuminate/Foundation/Http/Middleware/TransformsRequest->handle()
#38 C:/Users/marcj/Documents/fams-laravel-backup/vendor/laravel/framework/src/Illuminate/Pipeline/Pipeline.php(209): Illuminate/Foundation/Http/Middleware/ConvertEmptyStringsToNull->handle()
#39 C:/Users/marcj/Documents/fams-laravel-backup/vendor/laravel/framework/src/Illuminate/Foundation/Http/Middleware/TransformsRequest.php(21): Illuminate/Pipeline/Pipeline->Illuminate/Pipeline/{closure}()
#40 C:/Users/marcj/Documents/fams-laravel-backup/vendor/laravel/framework/src/Illuminate/Foundation/Http/Middleware/TrimStrings.php(51): Illuminate/Foundation/Http/Middleware/TransformsRequest->handle()
#41 C:/Users/marcj/Documents/fams-laravel-backup/vendor/laravel/framework/src/Illuminate/Pipeline/Pipeline.php(209): Illuminate/Foundation/Http/Middleware/TrimStrings->handle()
#42 C:/Users/marcj/Documents/fams-laravel-backup/vendor/laravel/framework/src/Illuminate/Http/Middleware/ValidatePostSize.php(27): Illuminate/Pipeline/Pipeline->Illuminate/Pipeline/{closure}()
#43 C:/Users/marcj/Documents/fams-laravel-backup/vendor/laravel/framework/src/Illuminate/Pipeline/Pipeline.php(209): Illuminate/Http/Middleware/ValidatePostSize->handle()
#44 C:/Users/marcj/Documents/fams-laravel-backup/vendor/laravel/framework/src/Illuminate/Foundation/Http/Middleware/PreventRequestsDuringMaintenance.php(110): Illuminate/Pipeline/Pipeline->Illuminate/Pipeline/{closure}()
#45 C:/Users/marcj/Documents/fams-laravel-backup/vendor/laravel/framework/src/Illuminate/Pipeline/Pipeline.php(209): Illuminate/Foundation/Http/Middleware/PreventRequestsDuringMaintenance->handle()
#46 C:/Users/marcj/Documents/fams-laravel-backup/vendor/laravel/framework/src/Illuminate/Http/Middleware/HandleCors.php(49): Illuminate/Pipeline/Pipeline->Illuminate/Pipeline/{closure}()
#47 C:/Users/marcj/Documents/fams-laravel-backup/vendor/laravel/framework/src/Illuminate/Pipeline/Pipeline.php(209): Illuminate/Http/Middleware/HandleCors->handle()
#48 C:/Users/marcj/Documents/fams-laravel-backup/vendor/laravel/framework/src/Illuminate/Http/Middleware/TrustProxies.php(58): Illuminate/Pipeline/Pipeline->Illuminate/Pipeline/{closure}()
#49 C:/Users/marcj/Documents/fams-laravel-backup/vendor/laravel/framework/src/Illuminate/Pipeline/Pipeline.php(209): Illuminate/Http/Middleware/TrustProxies->handle()
#50 C:/Users/marcj/Documents/fams-laravel-backup/vendor/laravel/framework/src/Illuminate/Foundation/Http/Middleware/InvokeDeferredCallbacks.php(22): Illuminate/Pipeline/Pipeline->Illuminate/Pipeline/{closure}()
#51 C:/Users/marcj/Documents/fams-laravel-backup/vendor/laravel/framework/src/Illuminate/Pipeline/Pipeline.php(209): Illuminate/Foundation/Http/Middleware/InvokeDeferredCallbacks->handle()
#52 C:/Users/marcj/Documents/fams-laravel-backup/vendor/laravel/framework/src/Illuminate/Pipeline/Pipeline.php(127): Illuminate/Pipeline/Pipeline->Illuminate/Pipeline/{closure}()
#53 C:/Users/marcj/Documents/fams-laravel-backup/vendor/laravel/framework/src/Illuminate/Foundation/Http/Kernel.php(176): Illuminate/Pipeline/Pipeline->then()
#54 C:/Users/marcj/Documents/fams-laravel-backup/vendor/laravel/framework/src/Illuminate/Foundation/Http/Kernel.php(145): Illuminate/Foundation/Http/Kernel->sendRequestThroughRouter()
#55 C:/Users/marcj/Documents/fams-laravel-backup/vendor/laravel/framework/src/Illuminate/Foundation/Application.php(1220): Illuminate/Foundation/Http/Kernel->handle()
#56 C:/Users/marcj/Documents/fams-laravel-backup/public/index.php(15): Illuminate/Foundation/Application->handleRequest()
#57 C:/Users/marcj/Documents/fams-laravel-backup/vendor/laravel/framework/src/Illuminate/Foundation/resources/server.php(23): require_once('...')
#58 {main}
"} 
[2026-09-02 00:58:21] local.ERROR: Gemini API request failed: HTTP 400 {
  "error": {
    "code": 400,
    "message": "Invalid value at 'generation_config.response_format.text.mime_type' (type.googleapis.com/google.ai.generativelanguage.v1beta.TextResponseFormat.MimeType), \"application/json\"",
    "status": "INVALID_ARGUMENT",
    "details": [
      {
        "@type": "type.googleapis.com/google.rpc.BadRequest",
        "fieldViolations": [
          {
            "field": "generation_config.response_format.text.mime_type",
            "description": "Invalid value at 'generation_config.response_format.text.mime_type' (type.googleapis.com/google.ai.generativelanguage.v1beta.TextResponseFormat.MimeType), \"application/json\""
          }
        ]
      }
    ]
  }
}
 {"userId":2,"exception":"[object] (RuntimeException(code: 0): Gemini API request failed: HTTP 400 {
  \"error\": {
    \"code\": 400,
    \"message\": \"Invalid value at 'generation_config.response_format.text.mime_type' (type.googleapis.com/google.ai.generativelanguage.v1beta.TextResponseFormat.MimeType), \\\"application/json\\\"\",
    \"status\": \"INVALID_ARGUMENT\",
    \"details\": [
      {
        \"@type\": \"type.googleapis.com/google.rpc.BadRequest\",
        \"fieldViolations\": [
          {
            \"field\": \"generation_config.response_format.text.mime_type\",
            \"description\": \"Invalid value at 'generation_config.response_format.text.mime_type' (type.googleapis.com/google.ai.generativelanguage.v1beta.TextResponseFormat.MimeType), \\\"application/json\\\"\"
          }
        ]
      }
    ]
  }
}
 at C:/Users/marcj/Documents/fams-laravel-backup/app/Services/AiAssistService.php:140)
[stacktrace]
#0 C:/Users/marcj/Documents/fams-laravel-backup/app/Services/AiAssistService.php(232): App/Services/AiAssistService->llm()
#1 C:/Users/marcj/Documents/fams-laravel-backup/app/Services/AiAssistService.php(55): App/Services/AiAssistService->classify()
#2 C:/Users/marcj/Documents/fams-laravel-backup/app/Http/Controllers/VisitorController.php(83): App/Services/AiAssistService->assist()
#3 C:/Users/marcj/Documents/fams-laravel-backup/vendor/laravel/framework/src/Illuminate/Routing/ControllerDispatcher.php(47): App/Http/Controllers/VisitorController->aiAssist()
#4 C:/Users/marcj/Documents/fams-laravel-backup/vendor/laravel/framework/src/Illuminate/Routing/Route.php(266): Illuminate/Routing/ControllerDispatcher->dispatch()
#5 C:/Users/marcj/Documents/fams-laravel-backup/vendor/laravel/framework/src/Illuminate/Routing/Route.php(212): Illuminate/Routing/Route->runController()
#6 C:/Users/marcj/Documents/fams-laravel-backup/vendor/laravel/framework/src/Illuminate/Routing/Router.php(808): Illuminate/Routing/Route->run()
#7 C:/Users/marcj/Documents/fams-laravel-backup/vendor/laravel/framework/src/Illuminate/Pipeline/Pipeline.php(170): Illuminate/Routing/Router->Illuminate/Routing/{closure}()
#8 C:/Users/marcj/Documents/fams-laravel-backup/app/Http/Middleware/EnsureUserHasRole.php(27): Illuminate/Pipeline/Pipeline->Illuminate/Pipeline/{closure}()
#9 C:/Users/marcj/Documents/fams-laravel-backup/vendor/laravel/framework/src/Illuminate/Pipeline/Pipeline.php(209): App/Http/Middleware/EnsureUserHasRole->handle()
#10 C:/Users/marcj/Documents/fams-laravel-backup/app/Http/Middleware/ForcePasswordChange.php(26): Illuminate/Pipeline/Pipeline->Illuminate/Pipeline/{closure}()
#11 C:/Users/marcj/Documents/fams-laravel-backup/vendor/laravel/framework/src/Illuminate/Pipeline/Pipeline.php(209): App/Http/Middleware/ForcePasswordChange->handle()
#12 C:/Users/marcj/Documents/fams-laravel-backup/app/Http/Middleware/EnsureActiveAccount.php(26): Illuminate/Pipeline/Pipeline->Illuminate/Pipeline/{closure}()
#13 C:/Users/marcj/Documents/fams-laravel-backup/vendor/laravel/framework/src/Illuminate/Pipeline/Pipeline.php(209): App/Http/Middleware/EnsureActiveAccount->handle()
#14 C:/Users/marcj/Documents/fams-laravel-backup/vendor/laravel/framework/src/Illuminate/Routing/Middleware/SubstituteBindings.php(51): Illuminate/Pipeline/Pipeline->Illuminate/Pipeline/{closure}()
#15 C:/Users/marcj/Documents/fams-laravel-backup/vendor/laravel/framework/src/Illuminate/Pipeline/Pipeline.php(209): Illuminate/Routing/Middleware/SubstituteBindings->handle()
#16 C:/Users/marcj/Documents/fams-laravel-backup/vendor/laravel/framework/src/Illuminate/Auth/Middleware/Authenticate.php(64): Illuminate/Pipeline/Pipeline->Illuminate/Pipeline/{closure}()
#17 C:/Users/marcj/Documents/fams-laravel-backup/vendor/laravel/framework/src/Illuminate/Pipeline/Pipeline.php(209): Illuminate/Auth/Middleware/Authenticate->handle()
#18 C:/Users/marcj/Documents/fams-laravel-backup/vendor/laravel/framework/src/Illuminate/Foundation/Http/Middleware/VerifyCsrfToken.php(88): Illuminate/Pipeline/Pipeline->Illuminate/Pipeline/{closure}()
#19 C:/Users/marcj/Documents/fams-laravel-backup/vendor/laravel/framework/src/Illuminate/Pipeline/Pipeline.php(209): Illuminate/Foundation/Http/Middleware/VerifyCsrfToken->handle()
#20 C:/Users/marcj/Documents/fams-laravel-backup/vendor/laravel/framework/src/Illuminate/View/Middleware/ShareErrorsFromSession.php(49): Illuminate/Pipeline/Pipeline->Illuminate/Pipeline/{closure}()
#21 C:/Users/marcj/Documents/fams-laravel-backup/vendor/laravel/framework/src/Illuminate/Pipeline/Pipeline.php(209): Illuminate/View/Middleware/ShareErrorsFromSession->handle()
#22 C:/Users/marcj/Documents/fams-laravel-backup/vendor/laravel/framework/src/Illuminate/Session/Middleware/StartSession.php(121): Illuminate/Pipeline/Pipeline->Illuminate/Pipeline/{closure}()
#23 C:/Users/marcj/Documents/fams-laravel-backup/vendor/laravel/framework/src/Illuminate/Session/Middleware/StartSession.php(64): Illuminate/Session/Middleware/StartSession->handleStatefulRequest()
#24 C:/Users/marcj/Documents/fams-laravel-backup/vendor/laravel/framework/src/Illuminate/Pipeline/Pipeline.php(209): Illuminate/Session/Middleware/StartSession->handle()
#25 C:/Users/marcj/Documents/fams-laravel-backup/vendor/laravel/framework/src/Illuminate/Cookie/Middleware/AddQueuedCookiesToResponse.php(37): Illuminate/Pipeline/Pipeline->Illuminate/Pipeline/{closure}()
#26 C:/Users/marcj/Documents/fams-laravel-backup/vendor/laravel/framework/src/Illuminate/Pipeline/Pipeline.php(209): Illuminate/Cookie/Middleware/AddQueuedCookiesToResponse->handle()
#27 C:/Users/marcj/Documents/fams-laravel-backup/vendor/laravel/framework/src/Illuminate/Cookie/Middleware/EncryptCookies.php(75): Illuminate/Pipeline/Pipeline->Illuminate/Pipeline/{closure}()
#28 C:/Users/marcj/Documents/fams-laravel-backup/vendor/laravel/framework/src/Illuminate/Pipeline/Pipeline.php(209): Illuminate/Cookie/Middleware/EncryptCookies->handle()
#29 C:/Users/marcj/Documents/fams-laravel-backup/vendor/laravel/framework/src/Illuminate/Pipeline/Pipeline.php(127): Illuminate/Pipeline/Pipeline->Illuminate/Pipeline/{closure}()
#30 C:/Users/marcj/Documents/fams-laravel-backup/vendor/laravel/framework/src/Illuminate/Routing/Router.php(807): Illuminate/Pipeline/Pipeline->then()
#31 C:/Users/marcj/Documents/fams-laravel-backup/vendor/laravel/framework/src/Illuminate/Routing/Router.php(786): Illuminate/Routing/Router->runRouteWithinStack()
#32 C:/Users/marcj/Documents/fams-laravel-backup/vendor/laravel/framework/src/Illuminate/Routing/Router.php(750): Illuminate/Routing/Router->runRoute()
#33 C:/Users/marcj/Documents/fams-laravel-backup/vendor/laravel/framework/src/Illuminate/Routing/Router.php(739): Illuminate/Routing/Router->dispatchToRoute()
#34 C:/Users/marcj/Documents/fams-laravel-backup/vendor/laravel/framework/src/Illuminate/Foundation/Http/Kernel.php(201): Illuminate/Routing/Router->dispatch()
#35 C:/Users/marcj/Documents/fams-laravel-backup/vendor/laravel/framework/src/Illuminate/Pipeline/Pipeline.php(170): Illuminate/Foundation/Http/Kernel->Illuminate/Foundation/Http/{closure}()
#36 C:/Users/marcj/Documents/fams-laravel-backup/vendor/laravel/framework/src/Illuminate/Foundation/Http/Middleware/TransformsRequest.php(21): Illuminate/Pipeline/Pipeline->Illuminate/Pipeline/{closure}()
#37 C:/Users/marcj/Documents/fams-laravel-backup/vendor/laravel/framework/src/Illuminate/Foundation/Http/Middleware/ConvertEmptyStringsToNull.php(31): Illuminate/Foundation/Http/Middleware/TransformsRequest->handle()
#38 C:/Users/marcj/Documents/fams-laravel-backup/vendor/laravel/framework/src/Illuminate/Pipeline/Pipeline.php(209): Illuminate/Foundation/Http/Middleware/ConvertEmptyStringsToNull->handle()
#39 C:/Users/marcj/Documents/fams-laravel-backup/vendor/laravel/framework/src/Illuminate/Foundation/Http/Middleware/TransformsRequest.php(21): Illuminate/Pipeline/Pipeline->Illuminate/Pipeline/{closure}()
#40 C:/Users/marcj/Documents/fams-laravel-backup/vendor/laravel/framework/src/Illuminate/Foundation/Http/Middleware/TrimStrings.php(51): Illuminate/Foundation/Http/Middleware/TransformsRequest->handle()
#41 C:/Users/marcj/Documents/fams-laravel-backup/vendor/laravel/framework/src/Illuminate/Pipeline/Pipeline.php(209): Illuminate/Foundation/Http/Middleware/TrimStrings->handle()
#42 C:/Users/marcj/Documents/fams-laravel-backup/vendor/laravel/framework/src/Illuminate/Http/Middleware/ValidatePostSize.php(27): Illuminate/Pipeline/Pipeline->Illuminate/Pipeline/{closure}()
#43 C:/Users/marcj/Documents/fams-laravel-backup/vendor/laravel/framework/src/Illuminate/Pipeline/Pipeline.php(209): Illuminate/Http/Middleware/ValidatePostSize->handle()
#44 C:/Users/marcj/Documents/fams-laravel-backup/vendor/laravel/framework/src/Illuminate/Foundation/Http/Middleware/PreventRequestsDuringMaintenance.php(110): Illuminate/Pipeline/Pipeline->Illuminate/Pipeline/{closure}()
#45 C:/Users/marcj/Documents/fams-laravel-backup/vendor/laravel/framework/src/Illuminate/Pipeline/Pipeline.php(209): Illuminate/Foundation/Http/Middleware/PreventRequestsDuringMaintenance->handle()
#46 C:/Users/marcj/Documents/fams-laravel-backup/vendor/laravel/framework/src/Illuminate/Http/Middleware/HandleCors.php(49): Illuminate/Pipeline/Pipeline->Illuminate/Pipeline/{closure}()
#47 C:/Users/marcj/Documents/fams-laravel-backup/vendor/laravel/framework/src/Illuminate/Pipeline/Pipeline.php(209): Illuminate/Http/Middleware/HandleCors->handle()
#48 C:/Users/marcj/Documents/fams-laravel-backup/vendor/laravel/framework/src/Illuminate/Http/Middleware/TrustProxies.php(58): Illuminate/Pipeline/Pipeline->Illuminate/Pipeline/{closure}()
#49 C:/Users/marcj/Documents/fams-laravel-backup/vendor/laravel/framework/src/Illuminate/Pipeline/Pipeline.php(209): Illuminate/Http/Middleware/TrustProxies->handle()
#50 C:/Users/marcj/Documents/fams-laravel-backup/vendor/laravel/framework/src/Illuminate/Foundation/Http/Middleware/InvokeDeferredCallbacks.php(22): Illuminate/Pipeline/Pipeline->Illuminate/Pipeline/{closure}()
#51 C:/Users/marcj/Documents/fams-laravel-backup/vendor/laravel/framework/src/Illuminate/Pipeline/Pipeline.php(209): Illuminate/Foundation/Http/Middleware/InvokeDeferredCallbacks->handle()
#52 C:/Users/marcj/Documents/fams-laravel-backup/vendor/laravel/framework/src/Illuminate/Pipeline/Pipeline.php(127): Illuminate/Pipeline/Pipeline->Illuminate/Pipeline/{closure}()
#53 C:/Users/marcj/Documents/fams-laravel-backup/vendor/laravel/framework/src/Illuminate/Foundation/Http/Kernel.php(176): Illuminate/Pipeline/Pipeline->then()
#54 C:/Users/marcj/Documents/fams-laravel-backup/vendor/laravel/framework/src/Illuminate/Foundation/Http/Kernel.php(145): Illuminate/Foundation/Http/Kernel->sendRequestThroughRouter()
#55 C:/Users/marcj/Documents/fams-laravel-backup/vendor/laravel/framework/src/Illuminate/Foundation/Application.php(1220): Illuminate/Foundation/Http/Kernel->handle()
#56 C:/Users/marcj/Documents/fams-laravel-backup/public/index.php(15): Illuminate/Foundation/Application->handleRequest()
#57 C:/Users/marcj/Documents/fams-laravel-backup/vendor/laravel/framework/src/Illuminate/Foundation/resources/server.php(23): require_once('...')
#58 {main}
"} 
